"REMOVE","weather Australia","2"
"REMOVE","Are there any lectures on Saturday","11"
"REMOVE","Where is DeepSpace located","4"
"REMOVE","Which lectures are there on Monday at 9","13"
"REMOVE","wiki where is the Taj Mahal located","12"
"REMOVE","(2+3)/5+3/2","4"
"REMOVE","which lectures are there on monday at 9","7"
"REMOVE","which lectures are there on tuesday at 12","16"
"REMOVE","which lectures are there at 12 on wednesday","15"
"REMOVE","which lectures are there at 12 on thursday","11"
"REMOVE","which lectures are there at 10 on friday","7"
"REMOVE","how do I get to deepspace","7"
"REMOVE","how do I get to the lecture hall","14"
"REMOVE","how do she get to c.0016","5"
"REMOVE","where is spacebox","1"
"REMOVE","where is the project room","8"
"REMOVE","where is c.0020 located","1"
"REMOVE","weather Istanbul","3"
"REMOVE","weather San Francisco","8"
"REMOVE","wiki Maastricht","3"
"REMOVE","wiki Alan Turing","5"
"REMOVE","wiki natural language processing","10"
"REMOVE","what is 9*12","2"
"REMOVE","what is 1/0","5"
"REMOVE","is 5+2 equal to 7","2"
"REMOVE","is 4*23 equal to 82","2"
"REMOVE","what is ((3+2)*4)/6","5"
"REMOVE","what is 4^2","1"
"REMOVE","what is the weather in London","2"
"REMOVE","wiki who is Queen Elizabeth II","2"
"REMOVE","how's the weather in Brussels","3"
"REMOVE","at 16 on Sunday which lectures are there","17"
"REMOVE","on monday at 9 which lectures are there","12"
"REMOVE","where is the library located","11"
"REMOVE","wiki what is the netherlands","4"
"REMOVE","what's the weather like in Amsterdam","7"
"REMOVE","can you find on wiki who is King Willem-Alexander","11"
"REMOVE","is (5-3)*2 equal to 2","2"
"REMOVE","what is ((3-9)^3)*2","2"
"REMOVE","how do you get to deepspace","6"
"REMOVE","what is the weather like in Singapore","8"
"REMOVE","which lectures are there on friday at 10","18"
"REMOVE","which lectures are there on thirsday at 11","18"
"REMOVE","which lectures are there at 13 on wednesday","10"
"REMOVE","which lectures are there at 12 on tuesday","8"
"REMOVE","which lectures are there at 10 on Monday","8"
"REMOVE","how do I get to spacedeep","8"
"REMOVE","how do I get to the hall","8"
"REMOVE","how do she get to c.1015","7"
"REMOVE","where is box","2"
"REMOVE","where is the project room","2"
"REMOVE","where is b.1013 located","2"
"REMOVE","weather Tokyo","1"
"REMOVE","weather Mexico","2"
"REMOVE","wiki Turing Test","8"
"REMOVE","wiki Alex Friedman","11"
"REMOVE","wiki theoritical computer science ","1"
"REMOVE","what is 9*12","8"
"REMOVE","what is 1/0","4"
"REMOVE","is 15+2 equal to 17","2"
"REMOVE","is 4*100 equal to 400","1"
"REMOVE","what is ((3+2)*4)/6","5"
"REMOVE","what is 4^2","3"
"REMOVE","what is the weather in London","2"
"REMOVE","wiki who is Queen Elizabeth II","12"
"REMOVE","how's the weather in Brussels","7"
"REMOVE","at 16 on Sunday which lectures are there","21"
"REMOVE","on monday at 9 which lectures are there","23"
"REMOVE","where is the library located","1"
"REMOVE","wiki what is the netherlands","7"
"REMOVE","what's the weather like in Amsterdam","9"
"REMOVE","wiki who is King Willem-Alexander","6"
"REMOVE","is (9-8)*3 equal to 1","1"
"REMOVE","what is ((3-12)^3)*2","15"
"REMOVE","how do you get to deepspace","5"
"REMOVE","what is the weather like in Philippines","18"
"REMOVE","which lectures are there on friday at 15","7"
"REMOVE","which lectures are there on thirsday at 13","24"
"REMOVE","which lectures are there at 9 on wednesday","11"
"REMOVE","which lectures are there at 10 on tuesday","12"
"REMOVE","which lectures are there at 15 on Monday","12"
"REMOVE","how do I get to deepspa","4"
"REMOVE","how do I get to the hall lecture","5"
"REMOVE","how do she get to c.2011","7"
"REMOVE","where is box","1"
"REMOVE","where is the room project","9"
"REMOVE","where is b.3001 located","5"
"REMOVE","weather Beijing","2"
"REMOVE","weather Mexico City","3"
"REMOVE","wiki what is software testing","6"
"REMOVE","wiki computer graphics algorithms","6"
"REMOVE","wiki Linear programming ","7"
"REMOVE","what is 3*32","5"
"REMOVE","what is 8/0","2"
"REMOVE","is 15+2 equal to 17","3"
"REMOVE","is 83*40 equal to 3320","3"
"REMOVE","what is ((3+2)*4)/6","9"
"REMOVE","what is 13^2","1"
"REMOVE","what is the weather in Edingburgh","2"
"REMOVE","wiki who is the current president of Canada","11"
"REMOVE","how's the weather in Antwerp","2"
"REMOVE","at 13 on Sunday which lectures are there","16"
"REMOVE","on thursday at 9 which lectures are there","25"
"REMOVE","where is the Randwyck library located","12"
"REMOVE","wiki what is the netherlands","5"
"REMOVE","what's the weather like in Njimegen","8"
"REMOVE","wiki what are the current emerging trends in cybersecurity","24"
"REMOVE","is (27)**3 equal to 19683","3"
"REMOVE","what is ((3-12)^3)*2","4"
"REMOVE","how do you get to deepspace","10"
"REMOVE","what is the weather like in Laos","2"
"REMOVE","is 5+2 equal to 7","3"
"REMOVE","is 4*23 equal to 82","4"
"REMOVE","what is ((3+2)*4)/6","4"
"REMOVE","is 63*54 equal to 3402","4"
"REMOVE","is 4*20 equal to 80","2"
"REMOVE","what is ((5+19)*4)/6","15"
"REMOVE","how do you get to place","6"
"REMOVE","what is the weather like in Namibia","2"
"REMOVE","is 572+3654 equal to 4226","10"
"REMOVE","is 7**3 equal to 343","6"
"REMOVE","what is ((29-12)^3)*2","10"
"REMOVE","is 47*29 equal to 1363","5"
"REMOVE","What are the available lectures on Tuesday at 14","9"
"REMOVE","Can you provide information on the location of the physics lab","22"
"REMOVE","Please tell me where I can find room B.1020","8"
"REMOVE","What is the weather forecast for Sydney","3"
"REMOVE","Do you have any details on the lecture schedule for Wednesday at 11","22"
"REMOVE","wiki Tell me about the history of the Eiffel Tower","22"
"REMOVE","What is the value of (4*5)/(2+1)","15"
"REMOVE","Which lectures are scheduled for Monday at 13","10"
"REMOVE","Could you provide information on the location of the computer science department","14"
"REMOVE","Where can I find the seminar room","8"
"REMOVE","What is the weather like in New York City","3"
"REMOVE","wiki Provide me with information on the topic ""Machine Learning""","19"
"REMOVE","Is (10-3)*5 equal to 35","5"
"REMOVE","What is the result of ((6-2)^2)3","5"
"REMOVE","How can I reach the auditorium","16"
"REMOVE","Tell me the current weather conditions in Tokyo","10"
"REMOVE","Which lectures are scheduled for Friday at 11","12"
"REMOVE","What are the lecture timings for Thursday at 12","19"
"REMOVE","Please provide details on the lectures at 10 on Wednesday","8"
"REMOVE","Where can I find the cafeteria","5"
"REMOVE","Where is the meeting room located","6"
"REMOVE","Where is room C.2005 situated","9"
"REMOVE","What is the weather like in Paris","6"
"REMOVE","wiki What is the population of Germany","13"
"REMOVE","What are the current weather conditions in Rome","7"
"REMOVE","Which lectures are scheduled at 15 on Sunday","10"
"REMOVE","On Monday at 9","7"
"REMOVE","Where is the university library situated","1"
"REMOVE","wiki Tell me about the geography of Canada","11"
"REMOVE","What is the weather forecast for Barcelona","6"
"REMOVE","wiki Provide information on King Henry VIII","2"
"REMOVE","Is (5+3)/2 equal to 4","6"
"REMOVE","What is the result of ((8-4)^3)2","9"
"REMOVE","How do I get to the gymnasium","8"
"REMOVE","What is the weather like in Sydney","6"
"REMOVE","Which lectures are scheduled for Tuesday at 16","23"
"REMOVE","What lectures are available on Friday at 15","14"
"REMOVE","Which lectures are scheduled at 9 on Wednesday","8"
"REMOVE","Tell me the location of room C.1010","6"
"REMOVE","Where can I find the project room","5"
"REMOVE","Where is room D.3005 situated","20"
"REMOVE","What is the weather forecast for Beijing","6"
"REMOVE","What is the current population of Mexico City","3"
"REMOVE","wiki Tell me about the history of artificial intelligence","13"
"REMOVE","wiki What are the fundamentals of computer networking","3"
"REMOVE","wiki Provide information on the concept of Big O notation","25"
"REMOVE","What is the result of 79","4"
"REMOVE","What is the value of 10/0","4"
"REMOVE","Is 20+5 equal to 25","7"
"REMOVE","Is 310 equal to 30","4"
"REMOVE","What is the result of ((4+3)*2)/6","10"
"REMOVE","What is 5^2","6"
"REMOVE","What is the weather like in Tokyo","6"
"REMOVE","wiki Who is the current Prime Minister of the United Kingdom","16"
"REMOVE","How's the weather in Berlin","2"
"REMOVE","Which lectures are scheduled at 13 on Sunday","18"
"REMOVE","On Thursday at 9","1"
"REMOVE","Where is the library located on campus","15"
"REMOVE","wiki Tell me about the history of the Netherlands","28"
"REMOVE","What's the weather like in Amsterdam","11"
"REMOVE","wiki Who is the current King of Spain","1"
"REMOVE","Is (6-4)3 equal to 6","1"
"REMOVE","What is the result of ((5-8)^3)2","6"
"REMOVE","How can I reach DeepSpace Center","13"
"REMOVE","What is the weather like in Manila","13"
"REMOVE","Which lectures are available on Friday at 15","15"
"REMOVE","Which lectures are scheduled at 13 on Thursday","23"
"REMOVE","What are the lecture timings for Wednesday at 9","11"
"REMOVE","Which lectures are scheduled at 10 on Tuesday","21"
"REMOVE","Which lectures are scheduled at 15 on Monday","18"
"REMOVE","How do I get to DeepSpa","6"
"REMOVE","How can I reach the lecture hall","16"
"REMOVE","How does she get to room C.2011","17"
"REMOVE","Where can I find the box","5"
"REMOVE","Where is the project room located","19"
"REMOVE","Where is room B.3005 situated","8"
"REMOVE","What is the weather forecast for Shanghai","8"
"REMOVE","wiki What is the current population of Seoul","7"
"REMOVE","wiki Tell me about software testing methodologies","9"
"REMOVE","wiki What are the principles of computer graphics","16"
"REMOVE","wiki Provide information on the field of artificial intelligence","17"
"REMOVE","What is the result of 632","6"
"REMOVE","What is the value of 10/0","7"
"REMOVE","Is 17+2 equal to 19","5"
"REMOVE","Is 8340 equal to 3320","6"
"REMOVE","What is the result of ((3+2)4)/6","7"
"REMOVE","What is 13^2","3"
"REMOVE","What is the weather like in Edinburgh","5"
"REMOVE","wiki Who is the current President of Canada","19"
"REMOVE","How's the weather in Brussels","1"
"REMOVE","Which lectures are scheduled at 13 on Sunday","7"
"REMOVE","On Thursday at 9","1"
"REMOVE","Where is the Randwyck library situated","4"
"REMOVE","wiki Tell me about the geography of the Netherlands","10"
"REMOVE","What's the weather like in Nijmegen","1"
"REMOVE","wiki Provide information on current emerging trends in cybersecurity","22"
"REMOVE","Is (5-3)^2 equal to 4","7"
"REMOVE","What is the result of ((3-12)^3)2","7"
"REMOVE","How do you get to DeepSpace Center","16"
"REMOVE","What is the weather like in Vientiane","4"
"REMOVE","Is 5+2 equal to 7","4"
"REMOVE","Is 423 equal to 82","4"
"REMOVE","What is the result of ((3+2)4)/6","4"
"REMOVE","Is 6354 equal to 3402","6"
"REMOVE","Is 420 equal to 80","4"
"REMOVE","What is the result of ((5+19)*4)/6","10"
"REMOVE","How do you get to the desired place","10"
"REMOVE","What is the weather like in Windhoek","12"
"REMOVE","Is 572+3654 equal to 4226","6"
"REMOVE","Is 7^3 equal to 343","8"
"REMOVE","What is the result of ((29-12)^3)2","16"
"REMOVE","Is 4729 equal to 1363","5"
"REMOVE","wiki What are the benefits of exercise","6"
"REMOVE","wiki Who is Marie Curie","3"
"REMOVE","wiki What is the theory of relativity","7"
"REMOVE","wiki How does photosynthesis work","6"
"REMOVE","wiki Explain the concept of supply and demand","14"
"REMOVE","wiki What are the symptoms of COVID-19","21"
"REMOVE","wiki Who is Nelson Mandela","5"
"REMOVE","wiki What is the history of Ancient Rome","10"
"REMOVE","wiki How does the internet work","6"
"REMOVE","wiki What are the principles of democracy","17"
"REMOVE","wiki Explain the process of fermentation","6"
"REMOVE","wiki Who is Albert Einstein","9"
"REMOVE","wiki What are the different types of renewable energy","6"
"REMOVE","wiki What is the meaning of life","15"
"REMOVE","wiki Explain the concept of quantum mechanics","15"
"REMOVE","wiki Who is Leonardo da Vinci","8"
"REMOVE","wiki What is the history of the Industrial Revolution","10"
"REMOVE","wiki How do vaccines work","6"
"REMOVE","wiki Who is Isaac Newton","7"
"REMOVE","wiki What are the effects of climate change","16"
"REMOVE","What is the weather like today","9"
"REMOVE","Are there any available appointments","23"
"REMOVE","Where can I find a good restaurant","5"
"REMOVE","Which movies are playing tonight","21"
"REMOVE","wiki Tell me about the history of Ancient Rome","27"
"REMOVE","Calculate the value of (4+5)/2","7"
"REMOVE","Which books are recommended for beginners","7"
"REMOVE","Tell me about the latest fashion trends","9"
"REMOVE","Find the nearest gas station","9"
"REMOVE","Who is the current President of the United States","17"
"REMOVE","What are the symptoms of the common cold","9"
"REMOVE","Is 7+3 equal to 10","5"
"REMOVE","Evaluate the expression (2*3+4)/5","4"
"REMOVE","How long does it take to get to the airport","10"
"REMOVE","Where can I buy concert tickets","5"
"REMOVE","What time does the train arrive","8"
"REMOVE","Provide information about the nearest hotels","8"
"REMOVE","Locate the nearest pharmacy","11"
"REMOVE","What is the weather forecast for tomorrow","2"
"REMOVE","wiki Explain the concept of artificial intelligence","9"
"REMOVE","What is the best way to learn a new language","1"
"REMOVE","Find the nearest parking lot","9"
"REMOVE","Recommend a good book to read","3"
"REMOVE","What are the ingredients for a classic margherita pizza","1"
"REMOVE","Is it going to rain today","4"
"REMOVE","What is the capital of France","2"
"REMOVE","Who won the Nobel Prize in Physics in 2020","3"
"REMOVE","What are the top tourist attractions in London","5"
"REMOVE","Tell me about the history of photography","14"
"REMOVE","Calculate the area of a triangle with base 5 and height 8","5"
"REMOVE","What are the opening hours of the museum","13"
"REMOVE","Find the nearest ATM","5"
"REMOVE","What is the current exchange rate between US dollars and Euros","22"
"REMOVE","Is 10 divided by 2 equal to 5","7"
"REMOVE","What is the square root of 16","1"
"REMOVE","What is the temperature in New York City","1"
"REMOVE","wiki Who is the Prime Minister of Canada","7"
"REMOVE","What is the best time to visit the Grand Canyon","8"
"REMOVE","Provide information about the nearest shopping mall","18"
"REMOVE","Locate the nearest post office","5"
"REMOVE","What is the best way to lose weight","2"
"REMOVE","Find the nearest coffee shop","10"
"REMOVE","What is the weather like in Sydney","7"
"REMOVE","Who is the author of the book ""To Kill a Mockingbird""","21"
"REMOVE","What is the population of Tokyo","2"
"REMOVE","What are the benefits of regular exercise","20"
"REMOVE","Tell me about the history of the Internet","4"
"REMOVE","Calculate the value of pi to the nearest hundredth","6"
"REMOVE","What are the opening hours of the library","19"
"REMOVE","Find the nearest gym","5"
"REMOVE","What is the current stock price of Apple","1"
"REMOVE","Is 20 multiplied by 3 equal to 60","9"
"REMOVE","What is the cube root of 27","9"
"REMOVE","What is the weather like in Paris","4"
"REMOVE","wiki Who is the CEO of Microsoft","8"
"REMOVE","What is the best time to visit the Eiffel Tower","8"
"REMOVE","Provide information about the nearest bus stop","5"
"REMOVE","Locate the nearest hospital","5"
"REMOVE","What is the best way to improve memory","1"
"REMOVE","Find the nearest bookstore","1"
"REMOVE","wiki Tell me about the history of Ancient Egypt","18"
"REMOVE","wiki What are the side effects of the COVID-19 vaccine","34"
"REMOVE","wiki What is the capital of Brazil","9"
"REMOVE","wiki Who invented the telephone","11"
"REMOVE","wiki Explain the process of cellular respiration","22"
"REMOVE","wiki What are the different programming languages","13"
"REMOVE","wiki What is the population of New York City","6"
"REMOVE","wiki Describe the structure of DNA","24"
"REMOVE","wiki Who painted the Mona Lisa","3"
"REMOVE","wiki What are the major causes of air pollution","6"
"REMOVE","wiki What is the meaning of the term ""sustainability""","8"
"REMOVE","wiki Who discovered penicillin","3"
"REMOVE","wiki Explain the concept of artificial intelligence","13"
"REMOVE","wiki What are the major components of the human nervous system","22"
"REMOVE","wiki Who wrote the play Romeo and Juliet","20"
"REMOVE","wiki What are the benefits of regular exercise","9"
"REMOVE","wiki Explain the process of photosynthesis","14"
"REMOVE","wiki What are the stages of mitosis","4"
"REMOVE","wiki Who is the current Prime Minister of the United Kingdom","5"
"REMOVE","wiki Describe the process of digestion","9"
"REMOVE","wiki What are the major branches of science","5"
"REMOVE","wiki Who composed the symphony ""Ode to Joy""","9"
"REMOVE","wiki Explain the concept of supply and demand","11"
"REMOVE","wiki What are the major types of renewable energy sources","30"
"REMOVE","wiki Who is the author of the novel ""Pride and Prejudice""","30"
"REMOVE","wiki Describe the process of evolution","6"
"REMOVE","wiki What are the major causes of climate change","25"
"REMOVE","wiki Who discovered the theory of general relativity","21"
"REMOVE","wiki wiki Explain the concept of quantum mechanics","9"
"REMOVE","wiki What are the major features of the human respiratory system","7"
"REMOVE","wiki Who is the artist behind the painting ""Starry Night""","36"
"REMOVE","wiki What are the benefits of meditation","6"
"REMOVE","wiki Describe the process of plate tectonics","24"
"REMOVE","wiki Who is the current President of the United States","16"
"REMOVE","wiki Explain the concept of genetic inheritance","5"
"REMOVE","wiki What are the major types of renewable energy sources","6"
"REMOVE","wiki Who is the author of the play ""Hamlet""","10"
"REMOVE","wiki Describe the process of cellular division","9"
"REMOVE","wiki What are the major factors influencing climate change","5"
"REMOVE","wiki Who discovered the theory of relativity","15"
"REMOVE","wiki Explain the concept of artificial neural networks","16"
"REMOVE","What is the average rainfall in Seattle","2"
"REMOVE","Are there any available hotel rooms","17"
"REMOVE","Where can I find a good sushi restaurant","17"
"REMOVE","Which concerts are happening this weekend","14"
"REMOVE","wiki Explain the theory of relativity","11"
"REMOVE","Evaluate the expression (6/2)*(4-1)","6"
"REMOVE","Which programming languages are in high demand","8"
"REMOVE","Tell me about the latest technology trends","11"
"REMOVE","Find the nearest park","3"
"REMOVE","wiki Who is the current Prime Minister of the United Kingdom","18"
"REMOVE","wiki What are the symptoms of COVID-19","4"
"REMOVE","Is 8-3 equal to 5","1"
"REMOVE","Evaluate the expression (5^2)/3","1"
"REMOVE","How long does it take to drive to the beach","12"
"REMOVE","Where can I buy concert tickets online","4"
"REMOVE","What time does the bus depart","10"
"REMOVE","Provide information about local tourist attractions","12"
"REMOVE","Locate the nearest movie theater","8"
"REMOVE","What is the weather forecast for next week","16"
"REMOVE","wiki Explain the concept of machine learning","18"
"REMOVE","What is the best method to study for exams","5"
"REMOVE","Find the nearest parking garage","16"
"REMOVE","Recommend a good movie to watch","1"
"REMOVE","What are the ingredients for a classic chocolate chip cookie","3"
"REMOVE","Is it going to snow tomorrow","3"
"REMOVE","What is the capital of Japan","3"
"REMOVE","wiki Who won the Nobel Prize in Literature in 2021","19"
"REMOVE","What are the must-visit places in New York City","3"
"REMOVE","wiki Tell me about the history of the Renaissance","8"
"REMOVE","Calculate the area of a circle with radius 10","5"
"REMOVE","What are the operating hours of the amusement park","5"
"REMOVE","Find the nearest gas station with a car wash","8"
"REMOVE","What is the current price of gold","4"
"REMOVE","Is 15 divided by 3 equal to 5","6"
"REMOVE","What is the square root of 25","7"
"REMOVE","What is the temperature in Los Angeles","1"
"REMOVE","wiki Who is the President of France","26"
"REMOVE","What is the best time to visit the Great Wall of China","11"
"REMOVE","Provide information about the nearest shopping center","23"
"REMOVE","Locate the nearest train station","6"
"REMOVE","What is the best way to reduce stress","5"
"REMOVE","Find the nearest pharmacy with 24-hour service","16"
"REMOVE","What is the weather like in Dubai","9"
"REMOVE","wiki Who is the author of the book ""1984""","3"
"REMOVE","What is the population of New Delhi","11"
"REMOVE","What are the benefits of a balanced diet","6"
"REMOVE","wiki Tell me about the history of the Industrial Revolution","38"
"REMOVE","Calculate the value of e raised to the power of 2","5"
"REMOVE","What are the opening hours of the zoo","23"
"REMOVE","Find the nearest post office with passport services","16"
"REMOVE","What is the current exchange rate between US dollars and British pounds","2"
"REMOVE","Is 12 multiplied by 4 equal to 48","6"
"REMOVE","What is the cube root of 64","4"
"REMOVE","What is the weather like in Miami","4"
"REMOVE","wiki Who is the founder of Amazon","8"
"REMOVE","What is the best time to visit the Colosseum","11"
"REMOVE","Provide information about the nearest public transportation options","5"
"REMOVE","Locate the nearest emergency room","8"
"REMOVE","What is the best way to improve physical fitness","1"
"REMOVE","Find the nearest art gallery","9"
"ADD","weather Australia","1"
"ADD","Are there any lectures on Saturday","22"
"ADD","Where is DeepSpace located","8"
"ADD","Which lectures are there on Monday at 9","15"
"ADD","wiki where is the Taj Mahal located","2"
"ADD","(2+3)/5+3/2","3"
"ADD","which lectures are there on monday at 9","17"
"ADD","which lectures are there on tuesday at 12","48"
"ADD","which lectures are there at 12 on wednesday","21"
"ADD","which lectures are there at 12 on thursday","26"
"ADD","which lectures are there at 10 on friday","15"
"ADD","how do I get to deepspace","15"
"ADD","how do I get to the lecture hall","43"
"ADD","how do she get to c.0016","33"
"ADD","where is spacebox","24"
"ADD","where is the project room","5"
"ADD","where is c.0020 located","3"
"ADD","weather Istanbul","3"
"ADD","weather San Francisco","24"
"ADD","wiki Maastricht","37"
"ADD","wiki Alan Turing","2"
"ADD","wiki natural language processing","1"
"ADD","what is 9*12","11"
"ADD","what is 1/0","15"
"ADD","is 5+2 equal to 7","3"
"ADD","is 4*23 equal to 82","8"
"ADD","what is ((3+2)*4)/6","32"
"ADD","what is 4^2","3"
"ADD","what is the weather in London","2"
"ADD","wiki who is Queen Elizabeth II","17"
"ADD","how's the weather in Brussels","2"
"ADD","at 16 on Sunday which lectures are there","27"
"ADD","on monday at 9 which lectures are there","70"
"ADD","where is the library located","19"
"ADD","wiki what is the netherlands","4"
"ADD","what's the weather like in Amsterdam","3"
"ADD","can you find on wiki who is King Willem-Alexander","20"
"ADD","is (5-3)*2 equal to 2","5"
"ADD","what is ((3-9)^3)*2","54"
"ADD","how do you get to deepspace","10"
"ADD","what is the weather like in Singapore","4"
"ADD","which lectures are there on friday at 10","61"
"ADD","which lectures are there on thirsday at 11","37"
"ADD","which lectures are there at 13 on wednesday","36"
"ADD","which lectures are there at 12 on tuesday","49"
"ADD","which lectures are there at 10 on Monday","16"
"ADD","how do I get to spacedeep","31"
"ADD","how do I get to the hall","10"
"ADD","how do she get to c.1015","11"
"ADD","where is box","1"
"ADD","where is the project room","5"
"ADD","where is b.1013 located","1"
"ADD","weather Tokyo","2"
"ADD","weather Mexico","2"
"ADD","wiki Turing Test","1"
"ADD","wiki Alex Friedman","5"
"ADD","wiki theoritical computer science ","4"
"ADD","what is 9*12","3"
"ADD","what is 1/0","3"
"ADD","is 15+2 equal to 17","3"
"ADD","is 4*100 equal to 400","1"
"ADD","what is ((3+2)*4)/6","5"
"ADD","what is 4^2","10"
"ADD","what is the weather in London","3"
"ADD","wiki who is Queen Elizabeth II","5"
"ADD","how's the weather in Brussels","10"
"ADD","at 16 on Sunday which lectures are there","12"
"ADD","on monday at 9 which lectures are there","33"
"ADD","where is the library located","15"
"ADD","wiki what is the netherlands","5"
"ADD","what's the weather like in Amsterdam","4"
"ADD","wiki who is King Willem-Alexander","52"
"ADD","is (9-8)*3 equal to 1","5"
"ADD","what is ((3-12)^3)*2","11"
"ADD","how do you get to deepspace","12"
"ADD","what is the weather like in Philippines","2"
"ADD","which lectures are there on friday at 15","35"
"ADD","which lectures are there on thirsday at 13","10"
"ADD","which lectures are there at 9 on wednesday","9"
"ADD","which lectures are there at 10 on tuesday","35"
"ADD","which lectures are there at 15 on Monday","24"
"ADD","how do I get to deepspa","26"
"ADD","how do I get to the hall lecture","27"
"ADD","how do she get to c.2011","5"
"ADD","where is box","2"
"ADD","where is the room project","15"
"ADD","where is b.3001 located","1"
"ADD","weather Beijing","6"
"ADD","weather Mexico City","13"
"ADD","wiki what is software testing","3"
"ADD","wiki computer graphics algorithms","42"
"ADD","wiki Linear programming ","46"
"ADD","what is 3*32","13"
"ADD","what is 8/0","4"
"ADD","is 15+2 equal to 17","2"
"ADD","is 83*40 equal to 3320","3"
"ADD","what is ((3+2)*4)/6","7"
"ADD","what is 13^2","2"
"ADD","what is the weather in Edingburgh","6"
"ADD","wiki who is the current president of Canada","12"
"ADD","how's the weather in Antwerp","1"
"ADD","at 13 on Sunday which lectures are there","11"
"ADD","on thursday at 9 which lectures are there","10"
"ADD","where is the Randwyck library located","10"
"ADD","wiki what is the netherlands","4"
"ADD","what's the weather like in Njimegen","20"
"ADD","wiki what are the current emerging trends in cybersecurity","32"
"ADD","is (27)**3 equal to 19683","9"
"ADD","what is ((3-12)^3)*2","3"
"ADD","how do you get to deepspace","8"
"ADD","what is the weather like in Laos","4"
"ADD","is 5+2 equal to 7","6"
"ADD","is 4*23 equal to 82","2"
"ADD","what is ((3+2)*4)/6","5"
"ADD","is 63*54 equal to 3402","3"
"ADD","is 4*20 equal to 80","13"
"ADD","what is ((5+19)*4)/6","8"
"ADD","how do you get to place","22"
"ADD","what is the weather like in Namibia","5"
"ADD","is 572+3654 equal to 4226","8"
"ADD","is 7**3 equal to 343","4"
"ADD","what is ((29-12)^3)*2","13"
"ADD","is 47*29 equal to 1363","11"
"ADD","What are the available lectures on Tuesday at 14","13"
"ADD","Can you provide information on the location of the physics lab","11"
"ADD","Please tell me where I can find room B.1020","6"
"ADD","What is the weather forecast for Sydney","8"
"ADD","Do you have any details on the lecture schedule for Wednesday at 11","18"
"ADD","wiki Tell me about the history of the Eiffel Tower","6"
"ADD","What is the value of (4*5)/(2+1)","9"
"ADD","Which lectures are scheduled for Monday at 13","21"
"ADD","Could you provide information on the location of the computer science department","58"
"ADD","Where can I find the seminar room","31"
"ADD","What is the weather like in New York City","6"
"ADD","wiki Provide me with information on the topic ""Machine Learning""","56"
"ADD","Is (10-3)*5 equal to 35","5"
"ADD","What is the result of ((6-2)^2)3","11"
"ADD","How can I reach the auditorium","23"
"ADD","Tell me the current weather conditions in Tokyo","7"
"ADD","Which lectures are scheduled for Friday at 11","24"
"ADD","What are the lecture timings for Thursday at 12","36"
"ADD","Please provide details on the lectures at 10 on Wednesday","14"
"ADD","Where can I find the cafeteria","28"
"ADD","Where is the meeting room located","13"
"ADD","Where is room C.2005 situated","12"
"ADD","What is the weather like in Paris","5"
"ADD","wiki What is the population of Germany","15"
"ADD","What are the current weather conditions in Rome","10"
"ADD","Which lectures are scheduled at 15 on Sunday","39"
"ADD","On Monday at 9","1"
"ADD","Where is the university library situated","17"
"ADD","wiki Tell me about the geography of Canada","48"
"ADD","What is the weather forecast for Barcelona","5"
"ADD","wiki Provide information on King Henry VIII","28"
"ADD","Is (5+3)/2 equal to 4","4"
"ADD","What is the result of ((8-4)^3)2","30"
"ADD","How do I get to the gymnasium","34"
"ADD","What is the weather like in Sydney","8"
"ADD","Which lectures are scheduled for Tuesday at 16","9"
"ADD","What lectures are available on Friday at 15","83"
"ADD","Which lectures are scheduled at 9 on Wednesday","45"
"ADD","Tell me the location of room C.1010","11"
"ADD","Where can I find the project room","26"
"ADD","Where is room D.3005 situated","6"
"ADD","What is the weather forecast for Beijing","13"
"ADD","What is the current population of Mexico City","19"
"ADD","wiki Tell me about the history of artificial intelligence","25"
"ADD","wiki What are the fundamentals of computer networking","37"
"ADD","wiki Provide information on the concept of Big O notation","1"
"ADD","What is the result of 79","11"
"ADD","What is the value of 10/0","5"
"ADD","Is 20+5 equal to 25","2"
"ADD","Is 310 equal to 30","5"
"ADD","What is the result of ((4+3)*2)/6","12"
"ADD","What is 5^2","23"
"ADD","What is the weather like in Tokyo","3"
"ADD","wiki Who is the current Prime Minister of the United Kingdom","42"
"ADD","How's the weather in Berlin","1"
"ADD","Which lectures are scheduled at 13 on Sunday","23"
"ADD","On Thursday at 9","3"
"ADD","Where is the library located on campus","1"
"ADD","wiki Tell me about the history of the Netherlands","10"
"ADD","What's the weather like in Amsterdam","7"
"ADD","wiki Who is the current King of Spain","1"
"ADD","Is (6-4)3 equal to 6","6"
"ADD","What is the result of ((5-8)^3)2","22"
"ADD","How can I reach DeepSpace Center","6"
"ADD","What is the weather like in Manila","23"
"ADD","Which lectures are available on Friday at 15","24"
"ADD","Which lectures are scheduled at 13 on Thursday","48"
"ADD","What are the lecture timings for Wednesday at 9","27"
"ADD","Which lectures are scheduled at 10 on Tuesday","20"
"ADD","Which lectures are scheduled at 15 on Monday","18"
"ADD","How do I get to DeepSpa","17"
"ADD","How can I reach the lecture hall","25"
"ADD","How does she get to room C.2011","21"
"ADD","Where can I find the box","8"
"ADD","Where is the project room located","36"
"ADD","Where is room B.3005 situated","7"
"ADD","What is the weather forecast for Shanghai","7"
"ADD","wiki What is the current population of Seoul","22"
"ADD","wiki Tell me about software testing methodologies","28"
"ADD","wiki What are the principles of computer graphics","36"
"ADD","wiki Provide information on the field of artificial intelligence","27"
"ADD","What is the result of 632","9"
"ADD","What is the value of 10/0","8"
"ADD","Is 17+2 equal to 19","5"
"ADD","Is 8340 equal to 3320","6"
"ADD","What is the result of ((3+2)4)/6","7"
"ADD","What is 13^2","7"
"ADD","What is the weather like in Edinburgh","5"
"ADD","wiki Who is the current President of Canada","10"
"ADD","How's the weather in Brussels","1"
"ADD","Which lectures are scheduled at 13 on Sunday","60"
"ADD","On Thursday at 9","1"
"ADD","Where is the Randwyck library situated","11"
"ADD","wiki Tell me about the geography of the Netherlands","109"
"ADD","What's the weather like in Nijmegen","2"
"ADD","wiki Provide information on current emerging trends in cybersecurity","16"
"ADD","Is (5-3)^2 equal to 4","7"
"ADD","What is the result of ((3-12)^3)2","9"
"ADD","How do you get to DeepSpace Center","4"
"ADD","What is the weather like in Vientiane","1"
"ADD","Is 5+2 equal to 7","5"
"ADD","Is 423 equal to 82","1"
"ADD","What is the result of ((3+2)4)/6","13"
"ADD","Is 6354 equal to 3402","7"
"ADD","Is 420 equal to 80","4"
"ADD","What is the result of ((5+19)*4)/6","16"
"ADD","How do you get to the desired place","16"
"ADD","What is the weather like in Windhoek","11"
"ADD","Is 572+3654 equal to 4226","7"
"ADD","Is 7^3 equal to 343","5"
"ADD","What is the result of ((29-12)^3)2","23"
"ADD","Is 4729 equal to 1363","5"
"ADD","wiki What are the benefits of exercise","38"
"ADD","wiki Who is Marie Curie","1"
"ADD","wiki What is the theory of relativity","12"
"ADD","wiki How does photosynthesis work","11"
"ADD","wiki Explain the concept of supply and demand","9"
"ADD","wiki What are the symptoms of COVID-19","37"
"ADD","wiki Who is Nelson Mandela","40"
"ADD","wiki What is the history of Ancient Rome","15"
"ADD","wiki How does the internet work","9"
"ADD","wiki What are the principles of democracy","33"
"ADD","wiki Explain the process of fermentation","28"
"ADD","wiki Who is Albert Einstein","18"
"ADD","wiki What are the different types of renewable energy","18"
"ADD","wiki What is the meaning of life","14"
"ADD","wiki Explain the concept of quantum mechanics","59"
"ADD","wiki Who is Leonardo da Vinci","16"
"ADD","wiki What is the history of the Industrial Revolution","68"
"ADD","wiki How do vaccines work","8"
"ADD","wiki Who is Isaac Newton","3"
"ADD","wiki What are the effects of climate change","38"
"ADD","What is the weather like today","5"
"ADD","Are there any available appointments","18"
"ADD","Where can I find a good restaurant","40"
"ADD","Which movies are playing tonight","15"
"ADD","wiki Tell me about the history of Ancient Rome","19"
"ADD","Calculate the value of (4+5)/2","5"
"ADD","Which books are recommended for beginners","15"
"ADD","Tell me about the latest fashion trends","15"
"ADD","Find the nearest gas station","8"
"ADD","Who is the current President of the United States","17"
"ADD","What are the symptoms of the common cold","7"
"ADD","Is 7+3 equal to 10","3"
"ADD","Evaluate the expression (2*3+4)/5","5"
"ADD","How long does it take to get to the airport","29"
"ADD","Where can I buy concert tickets","46"
"ADD","What time does the train arrive","25"
"ADD","Provide information about the nearest hotels","11"
"ADD","Locate the nearest pharmacy","4"
"ADD","What is the weather forecast for tomorrow","18"
"ADD","wiki Explain the concept of artificial intelligence","42"
"ADD","What is the best way to learn a new language","4"
"ADD","Find the nearest parking lot","30"
"ADD","Recommend a good book to read","4"
"ADD","What are the ingredients for a classic margherita pizza","5"
"ADD","Is it going to rain today","2"
"ADD","What is the capital of France","3"
"ADD","Who won the Nobel Prize in Physics in 2020","70"
"ADD","What are the top tourist attractions in London","10"
"ADD","Tell me about the history of photography","28"
"ADD","Calculate the area of a triangle with base 5 and height 8","15"
"ADD","What are the opening hours of the museum","55"
"ADD","Find the nearest ATM","13"
"ADD","What is the current exchange rate between US dollars and Euros","7"
"ADD","Is 10 divided by 2 equal to 5","6"
"ADD","What is the square root of 16","1"
"ADD","What is the temperature in New York City","7"
"ADD","wiki Who is the Prime Minister of Canada","78"
"ADD","What is the best time to visit the Grand Canyon","9"
"ADD","Provide information about the nearest shopping mall","68"
"ADD","Locate the nearest post office","12"
"ADD","What is the best way to lose weight","2"
"ADD","Find the nearest coffee shop","5"
"ADD","What is the weather like in Sydney","3"
"ADD","Who is the author of the book ""To Kill a Mockingbird""","34"
"ADD","What is the population of Tokyo","21"
"ADD","What are the benefits of regular exercise","11"
"ADD","Tell me about the history of the Internet","23"
"ADD","Calculate the value of pi to the nearest hundredth","2"
"ADD","What are the opening hours of the library","29"
"ADD","Find the nearest gym","19"
"ADD","What is the current stock price of Apple","2"
"ADD","Is 20 multiplied by 3 equal to 60","10"
"ADD","What is the cube root of 27","3"
"ADD","What is the weather like in Paris","5"
"ADD","wiki Who is the CEO of Microsoft","17"
"ADD","What is the best time to visit the Eiffel Tower","12"
"ADD","Provide information about the nearest bus stop","13"
"ADD","Locate the nearest hospital","9"
"ADD","What is the best way to improve memory","5"
"ADD","Find the nearest bookstore","6"
"ADD","wiki Tell me about the history of Ancient Egypt","17"
"ADD","wiki What are the side effects of the COVID-19 vaccine","27"
"ADD","wiki What is the capital of Brazil","26"
"ADD","wiki Who invented the telephone","16"
"ADD","wiki Explain the process of cellular respiration","4"
"ADD","wiki What are the different programming languages","9"
"ADD","wiki What is the population of New York City","133"
"ADD","wiki Describe the structure of DNA","49"
"ADD","wiki Who painted the Mona Lisa","15"
"ADD","wiki What are the major causes of air pollution","5"
"ADD","wiki What is the meaning of the term ""sustainability""","69"
"ADD","wiki Who discovered penicillin","14"
"ADD","wiki Explain the concept of artificial intelligence","13"
"ADD","wiki What are the major components of the human nervous system","15"
"ADD","wiki Who wrote the play Romeo and Juliet","24"
"ADD","wiki What are the benefits of regular exercise","1"
"ADD","wiki Explain the process of photosynthesis","39"
"ADD","wiki What are the stages of mitosis","12"
"ADD","wiki Who is the current Prime Minister of the United Kingdom","108"
"ADD","wiki Describe the process of digestion","24"
"ADD","wiki What are the major branches of science","33"
"ADD","wiki Who composed the symphony ""Ode to Joy""","64"
"ADD","wiki Explain the concept of supply and demand","45"
"ADD","wiki What are the major types of renewable energy sources","17"
"ADD","wiki Who is the author of the novel ""Pride and Prejudice""","95"
"ADD","wiki Describe the process of evolution","42"
"ADD","wiki What are the major causes of climate change","1"
"ADD","wiki Who discovered the theory of general relativity","34"
"ADD","wiki wiki Explain the concept of quantum mechanics","21"
"ADD","wiki What are the major features of the human respiratory system","5"
"ADD","wiki Who is the artist behind the painting ""Starry Night""","51"
"ADD","wiki What are the benefits of meditation","70"
"ADD","wiki Describe the process of plate tectonics","12"
"ADD","wiki Who is the current President of the United States","25"
"ADD","wiki Explain the concept of genetic inheritance","18"
"ADD","wiki What are the major types of renewable energy sources","25"
"ADD","wiki Who is the author of the play ""Hamlet""","30"
"ADD","wiki Describe the process of cellular division","16"
"ADD","wiki What are the major factors influencing climate change","5"
"ADD","wiki Who discovered the theory of relativity","4"
"ADD","wiki Explain the concept of artificial neural networks","40"
"ADD","What is the average rainfall in Seattle","5"
"ADD","Are there any available hotel rooms","8"
"ADD","Where can I find a good sushi restaurant","18"
"ADD","Which concerts are happening this weekend","8"
"ADD","wiki Explain the theory of relativity","9"
"ADD","Evaluate the expression (6/2)*(4-1)","4"
"ADD","Which programming languages are in high demand","13"
"ADD","Tell me about the latest technology trends","11"
"ADD","Find the nearest park","2"
"ADD","wiki Who is the current Prime Minister of the United Kingdom","25"
"ADD","wiki What are the symptoms of COVID-19","10"
"ADD","Is 8-3 equal to 5","4"
"ADD","Evaluate the expression (5^2)/3","5"
"ADD","How long does it take to drive to the beach","19"
"ADD","Where can I buy concert tickets online","11"
"ADD","What time does the bus depart","43"
"ADD","Provide information about local tourist attractions","18"
"ADD","Locate the nearest movie theater","7"
"ADD","What is the weather forecast for next week","13"
"ADD","wiki Explain the concept of machine learning","6"
"ADD","What is the best method to study for exams","2"
"ADD","Find the nearest parking garage","7"
"ADD","Recommend a good movie to watch","1"
"ADD","What are the ingredients for a classic chocolate chip cookie","17"
"ADD","Is it going to snow tomorrow","3"
"ADD","What is the capital of Japan","6"
"ADD","wiki Who won the Nobel Prize in Literature in 2021","25"
"ADD","What are the must-visit places in New York City","10"
"ADD","wiki Tell me about the history of the Renaissance","78"
"ADD","Calculate the area of a circle with radius 10","10"
"ADD","What are the operating hours of the amusement park","27"
"ADD","Find the nearest gas station with a car wash","14"
"ADD","What is the current price of gold","1"
"ADD","Is 15 divided by 3 equal to 5","43"
"ADD","What is the square root of 25","2"
"ADD","What is the temperature in Los Angeles","6"
"ADD","wiki Who is the President of France","53"
"ADD","What is the best time to visit the Great Wall of China","114"
"ADD","Provide information about the nearest shopping center","6"
"ADD","Locate the nearest train station","21"
"ADD","What is the best way to reduce stress","1"
"ADD","Find the nearest pharmacy with 24-hour service","10"
"ADD","What is the weather like in Dubai","7"
"ADD","wiki Who is the author of the book ""1984""","31"
"ADD","What is the population of New Delhi","23"
"ADD","What are the benefits of a balanced diet","13"
"ADD","wiki Tell me about the history of the Industrial Revolution","43"
"ADD","Calculate the value of e raised to the power of 2","14"
"ADD","What are the opening hours of the zoo","13"
"ADD","Find the nearest post office with passport services","39"
"ADD","What is the current exchange rate between US dollars and British pounds","6"
"ADD","Is 12 multiplied by 4 equal to 48","9"
"ADD","What is the cube root of 64","5"
"ADD","What is the weather like in Miami","27"
"ADD","wiki Who is the founder of Amazon","55"
"ADD","What is the best time to visit the Colosseum","10"
"ADD","Provide information about the nearest public transportation options","62"
"ADD","Locate the nearest emergency room","17"
"ADD","What is the best way to improve physical fitness","2"
"ADD","Find the nearest art gallery","5"
"SWAP","weather Australia","1"
"SWAP","Are there any lectures on Saturday","13"
"SWAP","Where is DeepSpace located","5"
"SWAP","Which lectures are there on Monday at 9","4"
"SWAP","wiki where is the Taj Mahal located","3"
"SWAP","(2+3)/5+3/2","5"
"SWAP","which lectures are there on monday at 9","9"
"SWAP","which lectures are there on tuesday at 12","9"
"SWAP","which lectures are there at 12 on wednesday","15"
"SWAP","which lectures are there at 12 on thursday","23"
"SWAP","which lectures are there at 10 on friday","29"
"SWAP","how do I get to deepspace","5"
"SWAP","how do I get to the lecture hall","5"
"SWAP","how do she get to c.0016","14"
"SWAP","where is spacebox","3"
"SWAP","where is the project room","1"
"SWAP","where is c.0020 located","7"
"SWAP","weather Istanbul","2"
"SWAP","weather San Francisco","2"
"SWAP","wiki Maastricht","3"
"SWAP","wiki Alan Turing","3"
"SWAP","wiki natural language processing","30"
"SWAP","what is 9*12","2"
"SWAP","what is 1/0","1"
"SWAP","is 5+2 equal to 7","3"
"SWAP","is 4*23 equal to 82","4"
"SWAP","what is ((3+2)*4)/6","7"
"SWAP","what is 4^2","3"
"SWAP","what is the weather in London","1"
"SWAP","wiki who is Queen Elizabeth II","2"
"SWAP","how's the weather in Brussels","3"
"SWAP","at 16 on Sunday which lectures are there","19"
"SWAP","on monday at 9 which lectures are there","9"
"SWAP","where is the library located","3"
"SWAP","wiki what is the netherlands","1"
"SWAP","what's the weather like in Amsterdam","10"
"SWAP","can you find on wiki who is King Willem-Alexander","4"
"SWAP","is (5-3)*2 equal to 2","7"
"SWAP","what is ((3-9)^3)*2","7"
"SWAP","how do you get to deepspace","8"
"SWAP","what is the weather like in Singapore","4"
"SWAP","which lectures are there on friday at 10","45"
"SWAP","which lectures are there on thirsday at 11","12"
"SWAP","which lectures are there at 13 on wednesday","21"
"SWAP","which lectures are there at 12 on tuesday","50"
"SWAP","which lectures are there at 10 on Monday","7"
"SWAP","how do I get to spacedeep","7"
"SWAP","how do I get to the hall","9"
"SWAP","how do she get to c.1015","8"
"SWAP","where is box","1"
"SWAP","where is the project room","12"
"SWAP","where is b.1013 located","4"
"SWAP","weather Tokyo","2"
"SWAP","weather Mexico","7"
"SWAP","wiki Turing Test","4"
"SWAP","wiki Alex Friedman","15"
"SWAP","wiki theoritical computer science ","1"
"SWAP","what is 9*12","5"
"SWAP","what is 1/0","5"
"SWAP","is 15+2 equal to 17","3"
"SWAP","is 4*100 equal to 400","2"
"SWAP","what is ((3+2)*4)/6","14"
"SWAP","what is 4^2","7"
"SWAP","what is the weather in London","5"
"SWAP","wiki who is Queen Elizabeth II","9"
"SWAP","how's the weather in Brussels","14"
"SWAP","at 16 on Sunday which lectures are there","10"
"SWAP","on monday at 9 which lectures are there","15"
"SWAP","where is the library located","26"
"SWAP","wiki what is the netherlands","2"
"SWAP","what's the weather like in Amsterdam","2"
"SWAP","wiki who is King Willem-Alexander","9"
"SWAP","is (9-8)*3 equal to 1","3"
"SWAP","what is ((3-12)^3)*2","1"
"SWAP","how do you get to deepspace","8"
"SWAP","what is the weather like in Philippines","3"
"SWAP","which lectures are there on friday at 15","11"
"SWAP","which lectures are there on thirsday at 13","28"
"SWAP","which lectures are there at 9 on wednesday","9"
"SWAP","which lectures are there at 10 on tuesday","16"
"SWAP","which lectures are there at 15 on Monday","15"
"SWAP","how do I get to deepspa","3"
"SWAP","how do I get to the hall lecture","16"
"SWAP","how do she get to c.2011","3"
"SWAP","where is box","2"
"SWAP","where is the room project","1"
"SWAP","where is b.3001 located","1"
"SWAP","weather Beijing","4"
"SWAP","weather Mexico City","1"
"SWAP","wiki what is software testing","2"
"SWAP","wiki computer graphics algorithms","3"
"SWAP","wiki Linear programming ","12"
"SWAP","what is 3*32","5"
"SWAP","what is 8/0","4"
"SWAP","is 15+2 equal to 17","3"
"SWAP","is 83*40 equal to 3320","1"
"SWAP","what is ((3+2)*4)/6","11"
"SWAP","what is 13^2","3"
"SWAP","what is the weather in Edingburgh","5"
"SWAP","wiki who is the current president of Canada","8"
"SWAP","how's the weather in Antwerp","2"
"SWAP","at 13 on Sunday which lectures are there","25"
"SWAP","on thursday at 9 which lectures are there","48"
"SWAP","where is the Randwyck library located","8"
"SWAP","wiki what is the netherlands","7"
"SWAP","what's the weather like in Njimegen","7"
"SWAP","wiki what are the current emerging trends in cybersecurity","9"
"SWAP","is (27)**3 equal to 19683","4"
"SWAP","what is ((3-12)^3)*2","5"
"SWAP","how do you get to deepspace","2"
"SWAP","what is the weather like in Laos","6"
"SWAP","is 5+2 equal to 7","2"
"SWAP","is 4*23 equal to 82","2"
"SWAP","what is ((3+2)*4)/6","11"
"SWAP","is 63*54 equal to 3402","1"
"SWAP","is 4*20 equal to 80","3"
"SWAP","what is ((5+19)*4)/6","17"
"SWAP","how do you get to place","4"
"SWAP","what is the weather like in Namibia","2"
"SWAP","is 572+3654 equal to 4226","1"
"SWAP","is 7**3 equal to 343","3"
"SWAP","what is ((29-12)^3)*2","10"
"SWAP","is 47*29 equal to 1363","3"
"SWAP","What are the available lectures on Tuesday at 14","32"
"SWAP","Can you provide information on the location of the physics lab","1"
"SWAP","Please tell me where I can find room B.1020","11"
"SWAP","What is the weather forecast for Sydney","1"
"SWAP","Do you have any details on the lecture schedule for Wednesday at 11","5"
"SWAP","wiki Tell me about the history of the Eiffel Tower","13"
"SWAP","What is the value of (4*5)/(2+1)","8"
"SWAP","Which lectures are scheduled for Monday at 13","17"
"SWAP","Could you provide information on the location of the computer science department","3"
"SWAP","Where can I find the seminar room","49"
"SWAP","What is the weather like in New York City","4"
"SWAP","wiki Provide me with information on the topic ""Machine Learning""","21"
"SWAP","Is (10-3)*5 equal to 35","1"
"SWAP","What is the result of ((6-2)^2)3","9"
"SWAP","How can I reach the auditorium","16"
"SWAP","Tell me the current weather conditions in Tokyo","9"
"SWAP","Which lectures are scheduled for Friday at 11","35"
"SWAP","What are the lecture timings for Thursday at 12","6"
"SWAP","Please provide details on the lectures at 10 on Wednesday","28"
"SWAP","Where can I find the cafeteria","21"
"SWAP","Where is the meeting room located","6"
"SWAP","Where is room C.2005 situated","13"
"SWAP","What is the weather like in Paris","9"
"SWAP","wiki What is the population of Germany","9"
"SWAP","What are the current weather conditions in Rome","1"
"SWAP","Which lectures are scheduled at 15 on Sunday","11"
"SWAP","On Monday at 9","4"
"SWAP","Where is the university library situated","23"
"SWAP","wiki Tell me about the geography of Canada","3"
"SWAP","What is the weather forecast for Barcelona","2"
"SWAP","wiki Provide information on King Henry VIII","4"
"SWAP","Is (5+3)/2 equal to 4","1"
"SWAP","What is the result of ((8-4)^3)2","5"
"SWAP","How do I get to the gymnasium","25"
"SWAP","What is the weather like in Sydney","2"
"SWAP","Which lectures are scheduled for Tuesday at 16","14"
"SWAP","What lectures are available on Friday at 15","14"
"SWAP","Which lectures are scheduled at 9 on Wednesday","15"
"SWAP","Tell me the location of room C.1010","9"
"SWAP","Where can I find the project room","14"
"SWAP","Where is room D.3005 situated","9"
"SWAP","What is the weather forecast for Beijing","2"
"SWAP","What is the current population of Mexico City","7"
"SWAP","wiki Tell me about the history of artificial intelligence","27"
"SWAP","wiki What are the fundamentals of computer networking","16"
"SWAP","wiki Provide information on the concept of Big O notation","21"
"SWAP","What is the result of 79","5"
"SWAP","What is the value of 10/0","3"
"SWAP","Is 20+5 equal to 25","4"
"SWAP","Is 310 equal to 30","2"
"SWAP","What is the result of ((4+3)*2)/6","16"
"SWAP","What is 5^2","8"
"SWAP","What is the weather like in Tokyo","18"
"SWAP","wiki Who is the current Prime Minister of the United Kingdom","18"
"SWAP","How's the weather in Berlin","17"
"SWAP","Which lectures are scheduled at 13 on Sunday","12"
"SWAP","On Thursday at 9","1"
"SWAP","Where is the library located on campus","4"
"SWAP","wiki Tell me about the history of the Netherlands","17"
"SWAP","What's the weather like in Amsterdam","4"
"SWAP","wiki Who is the current King of Spain","28"
"SWAP","Is (6-4)3 equal to 6","3"
"SWAP","What is the result of ((5-8)^3)2","18"
"SWAP","How can I reach DeepSpace Center","13"
"SWAP","What is the weather like in Manila","5"
"SWAP","Which lectures are available on Friday at 15","12"
"SWAP","Which lectures are scheduled at 13 on Thursday","26"
"SWAP","What are the lecture timings for Wednesday at 9","17"
"SWAP","Which lectures are scheduled at 10 on Tuesday","16"
"SWAP","Which lectures are scheduled at 15 on Monday","12"
"SWAP","How do I get to DeepSpa","16"
"SWAP","How can I reach the lecture hall","29"
"SWAP","How does she get to room C.2011","14"
"SWAP","Where can I find the box","3"
"SWAP","Where is the project room located","12"
"SWAP","Where is room B.3005 situated","8"
"SWAP","What is the weather forecast for Shanghai","3"
"SWAP","wiki What is the current population of Seoul","17"
"SWAP","wiki Tell me about software testing methodologies","6"
"SWAP","wiki What are the principles of computer graphics","11"
"SWAP","wiki Provide information on the field of artificial intelligence","17"
"SWAP","What is the result of 632","4"
"SWAP","What is the value of 10/0","5"
"SWAP","Is 17+2 equal to 19","5"
"SWAP","Is 8340 equal to 3320","3"
"SWAP","What is the result of ((3+2)4)/6","11"
"SWAP","What is 13^2","2"
"SWAP","What is the weather like in Edinburgh","2"
"SWAP","wiki Who is the current President of Canada","55"
"SWAP","How's the weather in Brussels","2"
"SWAP","Which lectures are scheduled at 13 on Sunday","9"
"SWAP","On Thursday at 9","3"
"SWAP","Where is the Randwyck library situated","1"
"SWAP","wiki Tell me about the geography of the Netherlands","23"
"SWAP","What's the weather like in Nijmegen","1"
"SWAP","wiki Provide information on current emerging trends in cybersecurity","39"
"SWAP","Is (5-3)^2 equal to 4","1"
"SWAP","What is the result of ((3-12)^3)2","15"
"SWAP","How do you get to DeepSpace Center","5"
"SWAP","What is the weather like in Vientiane","1"
"SWAP","Is 5+2 equal to 7","3"
"SWAP","Is 423 equal to 82","2"
"SWAP","What is the result of ((3+2)4)/6","15"
"SWAP","Is 6354 equal to 3402","3"
"SWAP","Is 420 equal to 80","6"
"SWAP","What is the result of ((5+19)*4)/6","3"
"SWAP","How do you get to the desired place","15"
"SWAP","What is the weather like in Windhoek","6"
"SWAP","Is 572+3654 equal to 4226","5"
"SWAP","Is 7^3 equal to 343","2"
"SWAP","What is the result of ((29-12)^3)2","18"
"SWAP","Is 4729 equal to 1363","6"
"SWAP","wiki What are the benefits of exercise","1"
"SWAP","wiki Who is Marie Curie","7"
"SWAP","wiki What is the theory of relativity","22"
"SWAP","wiki How does photosynthesis work","3"
"SWAP","wiki Explain the concept of supply and demand","12"
"SWAP","wiki What are the symptoms of COVID-19","11"
"SWAP","wiki Who is Nelson Mandela","13"
"SWAP","wiki What is the history of Ancient Rome","12"
"SWAP","wiki How does the internet work","9"
"SWAP","wiki What are the principles of democracy","10"
"SWAP","wiki Explain the process of fermentation","21"
"SWAP","wiki Who is Albert Einstein","5"
"SWAP","wiki What are the different types of renewable energy","1"
"SWAP","wiki What is the meaning of life","9"
"SWAP","wiki Explain the concept of quantum mechanics","9"
"SWAP","wiki Who is Leonardo da Vinci","9"
"SWAP","wiki What is the history of the Industrial Revolution","44"
"SWAP","wiki How do vaccines work","13"
"SWAP","wiki Who is Isaac Newton","9"
"SWAP","wiki What are the effects of climate change","1"
"SWAP","What is the weather like today","3"
"SWAP","Are there any available appointments","6"
"SWAP","Where can I find a good restaurant","15"
"SWAP","Which movies are playing tonight","5"
"SWAP","wiki Tell me about the history of Ancient Rome","11"
"SWAP","Calculate the value of (4+5)/2","6"
"SWAP","Which books are recommended for beginners","2"
"SWAP","Tell me about the latest fashion trends","16"
"SWAP","Find the nearest gas station","10"
"SWAP","Who is the current President of the United States","13"
"SWAP","What are the symptoms of the common cold","1"
"SWAP","Is 7+3 equal to 10","3"
"SWAP","Evaluate the expression (2*3+4)/5","14"
"SWAP","How long does it take to get to the airport","13"
"SWAP","Where can I buy concert tickets","2"
"SWAP","What time does the train arrive","8"
"SWAP","Provide information about the nearest hotels","4"
"SWAP","Locate the nearest pharmacy","21"
"SWAP","What is the weather forecast for tomorrow","7"
"SWAP","wiki Explain the concept of artificial intelligence","8"
"SWAP","What is the best way to learn a new language","1"
"SWAP","Find the nearest parking lot","3"
"SWAP","Recommend a good book to read","1"
"SWAP","What are the ingredients for a classic margherita pizza","10"
"SWAP","Is it going to rain today","1"
"SWAP","What is the capital of France","8"
"SWAP","Who won the Nobel Prize in Physics in 2020","30"
"SWAP","What are the top tourist attractions in London","11"
"SWAP","Tell me about the history of photography","5"
"SWAP","Calculate the area of a triangle with base 5 and height 8","13"
"SWAP","What are the opening hours of the museum","16"
"SWAP","Find the nearest ATM","2"
"SWAP","What is the current exchange rate between US dollars and Euros","5"
"SWAP","Is 10 divided by 2 equal to 5","6"
"SWAP","What is the square root of 16","2"
"SWAP","What is the temperature in New York City","9"
"SWAP","wiki Who is the Prime Minister of Canada","32"
"SWAP","What is the best time to visit the Grand Canyon","56"
"SWAP","Provide information about the nearest shopping mall","6"
"SWAP","Locate the nearest post office","8"
"SWAP","What is the best way to lose weight","2"
"SWAP","Find the nearest coffee shop","4"
"SWAP","What is the weather like in Sydney","9"
"SWAP","Who is the author of the book ""To Kill a Mockingbird""","13"
"SWAP","What is the population of Tokyo","3"
"SWAP","What are the benefits of regular exercise","19"
"SWAP","Tell me about the history of the Internet","8"
"SWAP","Calculate the value of pi to the nearest hundredth","2"
"SWAP","What are the opening hours of the library","15"
"SWAP","Find the nearest gym","5"
"SWAP","What is the current stock price of Apple","4"
"SWAP","Is 20 multiplied by 3 equal to 60","8"
"SWAP","What is the cube root of 27","8"
"SWAP","What is the weather like in Paris","5"
"SWAP","wiki Who is the CEO of Microsoft","12"
"SWAP","What is the best time to visit the Eiffel Tower","16"
"SWAP","Provide information about the nearest bus stop","15"
"SWAP","Locate the nearest hospital","4"
"SWAP","What is the best way to improve memory","5"
"SWAP","Find the nearest bookstore","4"
"SWAP","wiki Tell me about the history of Ancient Egypt","9"
"SWAP","wiki What are the side effects of the COVID-19 vaccine","9"
"SWAP","wiki What is the capital of Brazil","13"
"SWAP","wiki Who invented the telephone","16"
"SWAP","wiki Explain the process of cellular respiration","37"
"SWAP","wiki What are the different programming languages","1"
"SWAP","wiki What is the population of New York City","7"
"SWAP","wiki Describe the structure of DNA","6"
"SWAP","wiki Who painted the Mona Lisa","9"
"SWAP","wiki What are the major causes of air pollution","37"
"SWAP","wiki What is the meaning of the term ""sustainability""","25"
"SWAP","wiki Who discovered penicillin","26"
"SWAP","wiki Explain the concept of artificial intelligence","15"
"SWAP","wiki What are the major components of the human nervous system","5"
"SWAP","wiki Who wrote the play Romeo and Juliet","10"
"SWAP","wiki What are the benefits of regular exercise","5"
"SWAP","wiki Explain the process of photosynthesis","20"
"SWAP","wiki What are the stages of mitosis","12"
"SWAP","wiki Who is the current Prime Minister of the United Kingdom","13"
"SWAP","wiki Describe the process of digestion","7"
"SWAP","wiki What are the major branches of science","3"
"SWAP","wiki Who composed the symphony ""Ode to Joy""","6"
"SWAP","wiki Explain the concept of supply and demand","9"
"SWAP","wiki What are the major types of renewable energy sources","3"
"SWAP","wiki Who is the author of the novel ""Pride and Prejudice""","18"
"SWAP","wiki Describe the process of evolution","7"
"SWAP","wiki What are the major causes of climate change","15"
"SWAP","wiki Who discovered the theory of general relativity","6"
"SWAP","wiki wiki Explain the concept of quantum mechanics","49"
"SWAP","wiki What are the major features of the human respiratory system","3"
"SWAP","wiki Who is the artist behind the painting ""Starry Night""","11"
"SWAP","wiki What are the benefits of meditation","6"
"SWAP","wiki Describe the process of plate tectonics","11"
"SWAP","wiki Who is the current President of the United States","23"
"SWAP","wiki Explain the concept of genetic inheritance","10"
"SWAP","wiki What are the major types of renewable energy sources","8"
"SWAP","wiki Who is the author of the play ""Hamlet""","27"
"SWAP","wiki Describe the process of cellular division","14"
"SWAP","wiki What are the major factors influencing climate change","16"
"SWAP","wiki Who discovered the theory of relativity","5"
"SWAP","wiki Explain the concept of artificial neural networks","13"
"SWAP","What is the average rainfall in Seattle","2"
"SWAP","Are there any available hotel rooms","23"
"SWAP","Where can I find a good sushi restaurant","13"
"SWAP","Which concerts are happening this weekend","52"
"SWAP","wiki Explain the theory of relativity","25"
"SWAP","Evaluate the expression (6/2)*(4-1)","8"
"SWAP","Which programming languages are in high demand","2"
"SWAP","Tell me about the latest technology trends","7"
"SWAP","Find the nearest park","7"
"SWAP","wiki Who is the current Prime Minister of the United Kingdom","25"
"SWAP","wiki What are the symptoms of COVID-19","22"
"SWAP","Is 8-3 equal to 5","8"
"SWAP","Evaluate the expression (5^2)/3","5"
"SWAP","How long does it take to drive to the beach","3"
"SWAP","Where can I buy concert tickets online","13"
"SWAP","What time does the bus depart","6"
"SWAP","Provide information about local tourist attractions","11"
"SWAP","Locate the nearest movie theater","7"
"SWAP","What is the weather forecast for next week","6"
"SWAP","wiki Explain the concept of machine learning","9"
"SWAP","What is the best method to study for exams","2"
"SWAP","Find the nearest parking garage","10"
"SWAP","Recommend a good movie to watch","4"
"SWAP","What are the ingredients for a classic chocolate chip cookie","4"
"SWAP","Is it going to snow tomorrow","1"
"SWAP","What is the capital of Japan","5"
"SWAP","wiki Who won the Nobel Prize in Literature in 2021","15"
"SWAP","What are the must-visit places in New York City","4"
"SWAP","wiki Tell me about the history of the Renaissance","18"
"SWAP","Calculate the area of a circle with radius 10","3"
"SWAP","What are the operating hours of the amusement park","9"
"SWAP","Find the nearest gas station with a car wash","21"
"SWAP","What is the current price of gold","1"
"SWAP","Is 15 divided by 3 equal to 5","5"
"SWAP","What is the square root of 25","7"
"SWAP","What is the temperature in Los Angeles","3"
"SWAP","wiki Who is the President of France","7"
"SWAP","What is the best time to visit the Great Wall of China","34"
"SWAP","Provide information about the nearest shopping center","2"
"SWAP","Locate the nearest train station","13"
"SWAP","What is the best way to reduce stress","2"
"SWAP","Find the nearest pharmacy with 24-hour service","7"
"SWAP","What is the weather like in Dubai","2"
"SWAP","wiki Who is the author of the book ""1984""","26"
"SWAP","What is the population of New Delhi","17"
"SWAP","What are the benefits of a balanced diet","5"
"SWAP","wiki Tell me about the history of the Industrial Revolution","18"
"SWAP","Calculate the value of e raised to the power of 2","2"
"SWAP","What are the opening hours of the zoo","13"
"SWAP","Find the nearest post office with passport services","6"
"SWAP","What is the current exchange rate between US dollars and British pounds","1"
"SWAP","Is 12 multiplied by 4 equal to 48","7"
"SWAP","What is the cube root of 64","6"
"SWAP","What is the weather like in Miami","4"
"SWAP","wiki Who is the founder of Amazon","7"
"SWAP","What is the best time to visit the Colosseum","13"
"SWAP","Provide information about the nearest public transportation options","9"
"SWAP","Locate the nearest emergency room","2"
"SWAP","What is the best way to improve physical fitness","3"
"SWAP","Find the nearest art gallery","6"
