"REMOVE","groundwater","3"
"REMOVE","expiration","2"
"REMOVE","virus","0"
"REMOVE","february","2"
"REMOVE","grant","1"
"REMOVE","portsmouth","3"
"REMOVE","provide","0"
"REMOVE","adapted","1"
"REMOVE","decade","0"
"REMOVE","ebook","1"
"REMOVE","smooth","0"
"REMOVE","habits","1"
"REMOVE","seating","0"
"REMOVE","recommendation","3"
"REMOVE","blades","1"
"REMOVE","experts","1"
"REMOVE","channel","1"
"REMOVE","hewlett","1"
"REMOVE","joyce","0"
"REMOVE","claire","1"
"REMOVE","howto","0"
"REMOVE","approximately","1"
"REMOVE","duration","1"
"REMOVE","participant","3"
"REMOVE","belongs","1"
"REMOVE","hentai","1"
"REMOVE","diversity","1"
"REMOVE","complex","2"
"REMOVE","finding","0"
"REMOVE","township","1"
"REMOVE","necessary","2"
"REMOVE","subsequent","2"
"REMOVE","pakistan","2"
"REMOVE","organizational","4"
"REMOVE","referring","2"
"REMOVE","organic","1"
"REMOVE","manage","1"
"REMOVE","appreciated","3"
"REMOVE","tremendous","2"
"REMOVE","estimates","0"
"REMOVE","virgin","1"
"REMOVE","discipline","2"
"REMOVE","ended","1"
"REMOVE","tradition","1"
"REMOVE","dollar","0"
"REMOVE","inquire","1"
"REMOVE","portal","0"
"REMOVE","remained","1"
"REMOVE","shared","1"
"REMOVE","giants","1"
"REMOVE","cornell","2"
"REMOVE","stolen","1"
"REMOVE","hydrogen","2"
"REMOVE","jewel","1"
"REMOVE","indeed","1"
"REMOVE","deutschland","3"
"REMOVE","contacts","2"
"REMOVE","personals","2"
"REMOVE","amenities","2"
"REMOVE","takes","0"
"REMOVE","river","0"
"REMOVE","chester","0"
"REMOVE","payment","1"
"REMOVE","comments","1"
"REMOVE","oregon","1"
"REMOVE","closing","1"
"REMOVE","username","1"
"REMOVE","excitement","2"
"REMOVE","portrait","1"
"REMOVE","decorative","2"
"REMOVE","customers","0"
"REMOVE","grill","1"
"REMOVE","descending","1"
"REMOVE","setup","1"
"REMOVE","workshops","2"
"REMOVE","cancellation","4"
"REMOVE","norton","0"
"REMOVE","designation","2"
"REMOVE","vampire","1"
"REMOVE","hazard","0"
"REMOVE","limit","1"
"REMOVE","viral","0"
"REMOVE","cheque","1"
"REMOVE","trail","1"
"REMOVE","reflect","0"
"REMOVE","approaches","2"
"REMOVE","lyric","1"
"REMOVE","reach","0"
"REMOVE","built","0"
"REMOVE","italic","1"
"REMOVE","chronicles","0"
"REMOVE","substances","1"
"REMOVE","finance","1"
"REMOVE","christ","1"
"REMOVE","distribute","3"
"REMOVE","nicholas","2"
"REMOVE","realized","0"
"REMOVE","penetration","3"
"REMOVE","reasonable","2"
"REMOVE","fundraising","3"
"REMOVE","penalties","2"
"REMOVE","oscar","1"
"REMOVE","donna","0"
"REMOVE","identification","4"
"REMOVE","mattress","1"
"REMOVE","property","1"
"REMOVE","drums","1"
"REMOVE","spain","0"
"REMOVE","syndicate","2"
"REMOVE","valium","1"
"REMOVE","subsection","3"
"REMOVE","inside","1"
"REMOVE","trade","0"
"REMOVE","wonder","1"
"REMOVE","generally","2"
"REMOVE","devon","0"
"REMOVE","advances","0"
"REMOVE","capitol","0"
"REMOVE","forecasts","1"
"REMOVE","romania","0"
"REMOVE","effective","2"
"REMOVE","commented","0"
"REMOVE","translator","2"
"REMOVE","includes","1"
"REMOVE","eleven","1"
"REMOVE","nodes","0"
"REMOVE","poster","0"
"REMOVE","folders","1"
"REMOVE","digit","0"
"REMOVE","accepted","1"
"REMOVE","releases","1"
"REMOVE","arctic","2"
"REMOVE","painting","1"
"REMOVE","handbags","1"
"REMOVE","permitted","2"
"REMOVE","migration","2"
"REMOVE","fantasy","1"
"REMOVE","verbal","1"
"REMOVE","played","0"
"REMOVE","implementing","4"
"REMOVE","existing","0"
"REMOVE","cuisine","2"
"REMOVE","gazette","1"
"REMOVE","class","0"
"REMOVE","albany","0"
"REMOVE","estonia","2"
"REMOVE","partly","1"
"REMOVE","cutting","2"
"REMOVE","amazon","2"
"REMOVE","butter","1"
"REMOVE","persons","2"
"REMOVE","charm","0"
"REMOVE","glory","1"
"REMOVE","ranger","1"
"REMOVE","truly","1"
"REMOVE","authors","1"
"REMOVE","representation","3"
"REMOVE","coding","1"
"REMOVE","hayes","0"
"REMOVE","catherine","2"
"REMOVE","drill","1"
"REMOVE","fails","1"
"REMOVE","scores","0"
"REMOVE","profit","1"
"REMOVE","pokemon","1"
"REMOVE","terrain","1"
"REMOVE","strips","0"
"REMOVE","yahoo","1"
"REMOVE","density","1"
"REMOVE","particularly","3"
"REMOVE","depend","0"
"REMOVE","allow","1"
"REMOVE","saturday","1"
"REMOVE","investors","2"
"REMOVE","deputy","1"
"REMOVE","figured","1"
"REMOVE","annotation","2"
"REMOVE","florist","1"
"REMOVE","impact","1"
"REMOVE","hampshire","2"
"REMOVE","where","0"
"REMOVE","those","0"
"REMOVE","ideal","0"
"REMOVE","nutrition","2"
"REMOVE","donations","0"
"REMOVE","laden","1"
"REMOVE","sigma","0"
"REMOVE","member","1"
"REMOVE","lectures","1"
"REMOVE","independently","4"
"REMOVE","symphony","1"
"REMOVE","gorgeous","2"
"REMOVE","problem","1"
"REMOVE","secretary","1"
"REMOVE","calculator","2"
"REMOVE","scout","0"
"REMOVE","unknown","2"
"REMOVE","football","1"
"REMOVE","athletics","2"
"REMOVE","ultram","1"
"REMOVE","butler","1"
"REMOVE","areas","0"
"REMOVE","smilies","0"
"REMOVE","stamps","0"
"REMOVE","requiring","2"
"REMOVE","boundaries","3"
"REMOVE","creations","1"
"REMOVE","occasional","2"
"REMOVE","enhanced","1"
"REMOVE","hardwood","2"
"REMOVE","loved","0"
"REMOVE","minor","0"
"REMOVE","swing","0"
"REMOVE","accepting","2"
"REMOVE","implement","1"
"REMOVE","crack","1"
"REMOVE","enlarge","1"
"REMOVE","michel","1"
"REMOVE","animated","2"
"REMOVE","headset","1"
"REMOVE","golden","1"
"REMOVE","heated","0"
"REMOVE","british","1"
"REMOVE","preferences","0"
"REMOVE","lopez","1"
"REMOVE","calculation","2"
"REMOVE","consult","0"
"REMOVE","fixtures","1"
"REMOVE","keeping","1"
"REMOVE","within","0"
"REMOVE","theory","0"
"REMOVE","discovery","2"
"REMOVE","relay","0"
"REMOVE","proteins","1"
"REMOVE","billing","1"
"REMOVE","pharmacology","2"
"REMOVE","practices","1"
"REMOVE","researchers","1"
"REMOVE","trace","0"
"REMOVE","continuing","2"
"REMOVE","blend","0"
"REMOVE","option","1"
"REMOVE","aaron","1"
"REMOVE","providers","0"
"REMOVE","across","2"
"REMOVE","princeton","2"
"REMOVE","temporarily","2"
"REMOVE","indicate","2"
"REMOVE","competition","2"
"REMOVE","leaving","0"
"REMOVE","strongly","1"
"REMOVE","counting","2"
"REMOVE","intensive","0"
"REMOVE","investment","3"
"REMOVE","ceramic","2"
"REMOVE","worst","0"
"REMOVE","vienna","1"
"REMOVE","gentleman","2"
"REMOVE","advertiser","2"
"REMOVE","notify","1"
"REMOVE","twist","0"
"REMOVE","visual","1"
"REMOVE","crossing","1"
"REMOVE","vegetation","1"
"REMOVE","ballet","1"
"REMOVE","saint","1"
"REMOVE","flexibility","3"
"REMOVE","result","1"
"REMOVE","constraints","1"
"REMOVE","certification","4"
"REMOVE","replace","0"
"REMOVE","captain","1"
"REMOVE","examples","0"
"REMOVE","societies","1"
"REMOVE","trading","1"
"REMOVE","monetary","1"
"REMOVE","selected","1"
"REMOVE","evidence","2"
"REMOVE","professor","1"
"REMOVE","software","2"
"REMOVE","ratios","1"
"REMOVE","start","0"
"REMOVE","olympus","2"
"REMOVE","invitation","3"
"REMOVE","relax","1"
"REMOVE","magnitude","2"
"REMOVE","financial","1"
"REMOVE","conservation","3"
"REMOVE","correction","2"
"REMOVE","friendship","1"
"REMOVE","putting","1"
"REMOVE","weblogs","2"
"REMOVE","opportunity","3"
"REMOVE","stays","0"
"REMOVE","anderson","2"
"REMOVE","messenger","2"
"REMOVE","investing","2"
"REMOVE","second","1"
"REMOVE","reflection","1"
"REMOVE","roses","0"
"REMOVE","dropped","1"
"REMOVE","brief","1"
"REMOVE","previous","2"
"REMOVE","geometry","2"
"REMOVE","submission","3"
"REMOVE","trailers","0"
"REMOVE","hopkins","2"
"REMOVE","converted","0"
"REMOVE","aspects","1"
"REMOVE","rabbit","1"
"REMOVE","wicked","1"
"REMOVE","disaster","1"
"REMOVE","davidson","2"
"REMOVE","vibrators","1"
"REMOVE","favor","1"
"REMOVE","syntax","1"
"REMOVE","sunset","1"
"REMOVE","nurses","1"
"REMOVE","publisher","1"
"REMOVE","arrivals","1"
"REMOVE","apparel","2"
"REMOVE","unlock","1"
"REMOVE","blood","1"
"REMOVE","electric","2"
"REMOVE","permanent","2"
"REMOVE","relationship","3"
"REMOVE","mathematical","3"
"REMOVE","agency","2"
"REMOVE","references","2"
"REMOVE","rochester","0"
"REMOVE","suggest","1"
"REMOVE","wiley","1"
"REMOVE","disease","1"
"REMOVE","proceeding","2"
"REMOVE","shaft","0"
"REMOVE","subject","1"
"REMOVE","johnson","2"
"REMOVE","available","2"
"REMOVE","location","1"
"REMOVE","server","0"
"REMOVE","rentals","1"
"REMOVE","surprise","2"
"REMOVE","garlic","1"
"REMOVE","trials","0"
"REMOVE","collective","2"
"REMOVE","flowers","0"
"REMOVE","protocol","1"
"REMOVE","showtimes","1"
"REMOVE","arguments","1"
"REMOVE","frank","1"
"REMOVE","elimination","2"
"REMOVE","christians","2"
"REMOVE","chinese","2"
"REMOVE","programs","2"
"REMOVE","columns","2"
"REMOVE","least","0"
"REMOVE","marco","0"
"REMOVE","press","0"
"REMOVE","transexual","3"
"REMOVE","mention","1"
"REMOVE","dating","1"
"REMOVE","incurred","1"
"REMOVE","musicians","2"
"REMOVE","pasta","0"
"REMOVE","certificate","3"
"REMOVE","ceiling","1"
"REMOVE","pipeline","1"
"REMOVE","legends","0"
"REMOVE","beautifully","3"
"REMOVE","conventions","3"
"REMOVE","contributing","4"
"REMOVE","stars","0"
"REMOVE","chief","0"
"REMOVE","pharmacies","3"
"REMOVE","average","1"
"REMOVE","sexuality","2"
"REMOVE","biggest","1"
"REMOVE","spaces","0"
"REMOVE","packing","1"
"REMOVE","architectural","4"
"REMOVE","pursuit","1"
"REMOVE","curves","0"
"REMOVE","comparing","1"
"REMOVE","coverage","1"
"REMOVE","carpet","0"
"REMOVE","copper","0"
"REMOVE","conspiracy","3"
"REMOVE","disks","0"
"REMOVE","texas","0"
"REMOVE","positioning","2"
"REMOVE","banned","0"
"REMOVE","concord","1"
"REMOVE","segment","0"
"REMOVE","distributed","3"
"REMOVE","accessible","3"
"REMOVE","pittsburgh","3"
"REMOVE","picked","0"
"REMOVE","fight","0"
"REMOVE","excluding","2"
"REMOVE","destroy","2"
"REMOVE","illustrations","2"
"REMOVE","determine","3"
"REMOVE","licensing","2"
"REMOVE","cleaning","2"
"REMOVE","eight","1"
"REMOVE","recommended","1"
"REMOVE","characteristics","0"
"REMOVE","downloaded","2"
"REMOVE","share","0"
"REMOVE","patients","1"
"REMOVE","friendly","1"
"REMOVE","ireland","1"
"REMOVE","jeremy","1"
"REMOVE","decent","1"
"REMOVE","manor","1"
"REMOVE","louisville","3"
"REMOVE","contrast","0"
"REMOVE","bacon","1"
"REMOVE","briefs","0"
"REMOVE","haiti","0"
"REMOVE","intelligence","2"
"REMOVE","moderator","2"
"REMOVE","present","1"
"REMOVE","wallet","1"
"REMOVE","flags","0"
"REMOVE","startup","2"
"REMOVE","summary","2"
"REMOVE","gratuit","2"
"REMOVE","highest","0"
"REMOVE","conversations","4"
"REMOVE","reproduce","2"
"REMOVE","displays","2"
"REMOVE","installation","1"
"REMOVE","corpus","2"
"REMOVE","occupational","3"
"REMOVE","binary","2"
"REMOVE","starting","1"
"REMOVE","forum","0"
"REMOVE","rwanda","0"
"REMOVE","walnut","1"
"REMOVE","fitting","2"
"REMOVE","lover","0"
"REMOVE","approved","2"
"REMOVE","wellington","2"
"REMOVE","colin","0"
"REMOVE","changes","2"
"REMOVE","reseller","2"
"REMOVE","seller","1"
"REMOVE","midnight","1"
"REMOVE","achieve","2"
"REMOVE","expression","3"
"REMOVE","choose","0"
"REMOVE","updates","0"
"REMOVE","breakfast","2"
"REMOVE","phrases","1"
"REMOVE","auctions","1"
"REMOVE","convergence","3"
"REMOVE","skilled","1"
"REMOVE","explanation","2"
"REMOVE","cathedral","2"
"REMOVE","watson","1"
"REMOVE","orgasm","1"
"REMOVE","fleet","0"
"REMOVE","reduce","1"
"REMOVE","commissioners","4"
"REMOVE","acrylic","2"
"REMOVE","witnesses","1"
"REMOVE","spectacular","3"
"REMOVE","fired","0"
"REMOVE","identified","3"
"REMOVE","recorder","0"
"REMOVE","plate","1"
"REMOVE","routes","1"
"REMOVE","sleep","0"
"REMOVE","slides","0"
"REMOVE","metres","0"
"REMOVE","sapphire","2"
"REMOVE","collaboration","3"
"REMOVE","turning","0"
"REMOVE","trademark","2"
"REMOVE","involving","1"
"REMOVE","madrid","1"
"REMOVE","panama","1"
"REMOVE","generation","3"
"REMOVE","gentle","1"
"REMOVE","details","1"
"REMOVE","readily","0"
"REMOVE","holds","1"
"REMOVE","photographic","0"
"REMOVE","emotional","3"
"REMOVE","gibson","1"
"REMOVE","explorer","2"
"REMOVE","checkout","1"
"REMOVE","loves","0"
"REMOVE","jelsoft","2"
"REMOVE","council","2"
"REMOVE","shuttle","1"
"REMOVE","believe","0"
"REMOVE","sound","0"
"REMOVE","tiles","0"
"REMOVE","witch","0"
"REMOVE","already","2"
"REMOVE","masturbation","3"
"REMOVE","judicial","2"
"REMOVE","fellow","0"
"REMOVE","absorption","1"
"REMOVE","generating","1"
"REMOVE","investigation","3"
"REMOVE","passed","1"
"REMOVE","minister","2"
"REMOVE","anywhere","1"
"REMOVE","greene","0"
"REMOVE","violation","2"
"REMOVE","wales","0"
"REMOVE","logging","1"
"REMOVE","dedicated","2"
"REMOVE","infants","1"
"REMOVE","qualify","1"
"REMOVE","culture","1"
"REMOVE","tomatoes","1"
"REMOVE","curriculum","3"
"REMOVE","alfred","1"
"REMOVE","rally","1"
"REMOVE","postings","0"
"REMOVE","allan","0"
"REMOVE","construction","2"
"REMOVE","specifically","2"
"REMOVE","florists","1"
"REMOVE","cloud","1"
"REMOVE","succeed","1"
"REMOVE","newcastle","2"
"REMOVE","fisheries","2"
"REMOVE","recipient","1"
"REMOVE","marks","0"
"REMOVE","recruitment","3"
"REMOVE","precise","2"
"REMOVE","revealed","0"
"REMOVE","sandra","0"
"REMOVE","designated","2"
"REMOVE","standings","1"
"REMOVE","collar","1"
"REMOVE","lately","1"
"REMOVE","structured","2"
"REMOVE","sellers","1"
"REMOVE","characteristic","4"
"REMOVE","electoral","2"
"REMOVE","stream","1"
"REMOVE","unusual","1"
"REMOVE","packets","0"
"REMOVE","strong","1"
"REMOVE","appropriations","3"
"REMOVE","vietnamese","2"
"REMOVE","qualification","4"
"REMOVE","disable","1"
"REMOVE","queen","0"
"REMOVE","always","1"
"REMOVE","cheat","0"
"REMOVE","depends","1"
"REMOVE","parental","1"
"REMOVE","presents","1"
"REMOVE","excuse","1"
"REMOVE","subjects","2"
"REMOVE","psychological","4"
"REMOVE","steps","1"
"REMOVE","garbage","1"
"REMOVE","apply","0"
"REMOVE","block","0"
"REMOVE","informal","0"
"REMOVE","execution","2"
"REMOVE","species","1"
"REMOVE","badge","0"
"REMOVE","receiving","1"
"REMOVE","targets","1"
"REMOVE","reward","0"
"REMOVE","sitting","1"
"REMOVE","porno","0"
"REMOVE","italia","1"
"REMOVE","shock","1"
"REMOVE","wagner","1"
"REMOVE","heating","0"
"REMOVE","concerning","1"
"REMOVE","physicians","1"
"REMOVE","alphabetical","3"
"REMOVE","taiwan","1"
"REMOVE","engineer","2"
"REMOVE","enquiries","2"
"REMOVE","alleged","1"
"REMOVE","prints","0"
"REMOVE","honda","1"
"REMOVE","departmental","0"
"REMOVE","caused","0"
"REMOVE","constantly","3"
"REMOVE","bristol","2"
"REMOVE","refer","0"
"REMOVE","cheats","0"
"REMOVE","viewers","1"
"REMOVE","illinois","2"
"REMOVE","attribute","2"
"REMOVE","awareness","1"
"REMOVE","wright","1"
"REMOVE","darkness","1"
"REMOVE","genome","1"
"REMOVE","encourages","2"
"REMOVE","clothes","0"
"REMOVE","verde","1"
"REMOVE","noble","1"
"REMOVE","charitable","2"
"REMOVE","alone","1"
"REMOVE","writing","1"
"REMOVE","sheet","0"
"REMOVE","recently","2"
"REMOVE","markets","1"
"REMOVE","structure","2"
"REMOVE","referral","2"
"REMOVE","weekend","1"
"REMOVE","faculty","1"
"REMOVE","harper","0"
"REMOVE","engineers","2"
"REMOVE","after","1"
"REMOVE","promptly","0"
"REMOVE","informative","3"
"REMOVE","bracelets","0"
"REMOVE","sociology","2"
"REMOVE","rolling","2"
"REMOVE","wrong","1"
"REMOVE","payments","0"
"REMOVE","today","0"
"REMOVE","argentina","1"
"REMOVE","specifics","1"
"REMOVE","behavioral","2"
"REMOVE","thinks","1"
"REMOVE","hudson","1"
"REMOVE","fortune","2"
"REMOVE","couple","0"
"REMOVE","talented","0"
"REMOVE","weights","2"
"REMOVE","persistent","2"
"REMOVE","equilibrium","4"
"REMOVE","stability","2"
"REMOVE","constitutional","1"
"REMOVE","monsters","1"
"REMOVE","applies","1"
"REMOVE","milan","0"
"REMOVE","basis","0"
"REMOVE","males","0"
"REMOVE","commands","1"
"REMOVE","nikon","0"
"REMOVE","competent","0"
"REMOVE","pages","1"
"REMOVE","milfs","1"
"REMOVE","bryant","0"
"REMOVE","predicted","1"
"REMOVE","toilet","0"
"REMOVE","leader","0"
"REMOVE","participating","3"
"REMOVE","wordpress","2"
"REMOVE","purchasing","2"
"REMOVE","flame","0"
"REMOVE","heights","0"
"REMOVE","pollution","2"
"REMOVE","retirement","2"
"REMOVE","sports","1"
"REMOVE","convention","2"
"REMOVE","enhance","2"
"REMOVE","pointer","1"
"REMOVE","happening","2"
"REMOVE","africa","1"
"REMOVE","exclude","1"
"REMOVE","article","1"
"REMOVE","purple","0"
"REMOVE","rainbow","1"
"REMOVE","lesson","0"
"REMOVE","villas","1"
"REMOVE","recordings","2"
"REMOVE","survivor","2"
"REMOVE","hepatitis","2"
"REMOVE","league","1"
"REMOVE","arlington","2"
"REMOVE","seventh","1"
"REMOVE","wrist","0"
"REMOVE","count","1"
"REMOVE","foster","1"
"REMOVE","ricky","1"
"REMOVE","directions","1"
"REMOVE","afghanistan","3"
"REMOVE","relates","0"
"REMOVE","aluminium","2"
"REMOVE","mechanisms","2"
"REMOVE","strengths","2"
"REMOVE","turtle","1"
"REMOVE","reservation","3"
"REMOVE","parks","0"
"REMOVE","contest","1"
"REMOVE","thread","1"
"REMOVE","memories","2"
"REMOVE","awarded","0"
"REMOVE","intended","1"
"REMOVE","connectivity","2"
"REMOVE","aluminum","2"
"REMOVE","status","1"
"REMOVE","accommodate","3"
"REMOVE","reload","0"
"REMOVE","mechanism","2"
"REMOVE","suggestion","2"
"REMOVE","match","0"
"REMOVE","agricultural","3"
"REMOVE","gourmet","2"
"REMOVE","schemes","1"
"REMOVE","towers","0"
"REMOVE","charged","1"
"REMOVE","breakdown","2"
"REMOVE","elect","1"
"REMOVE","craps","0"
"REMOVE","manitoba","2"
"REMOVE","stage","0"
"REMOVE","origins","1"
"REMOVE","position","2"
"REMOVE","luther","1"
"REMOVE","furthermore","3"
"REMOVE","rough","0"
"REMOVE","gained","0"
"REMOVE","delays","1"
"REMOVE","imagine","1"
"REMOVE","counts","1"
"REMOVE","mozilla","1"
"REMOVE","medicaid","2"
"REMOVE","threshold","2"
"REMOVE","chart","0"
"REMOVE","vehicles","2"
"REMOVE","paragraph","2"
"REMOVE","velocity","2"
"REMOVE","aboriginal","3"
"REMOVE","bringing","1"
"REMOVE","ensures","1"
"REMOVE","starts","0"
"REMOVE","novelty","1"
"REMOVE","incoming","1"
"REMOVE","airport","1"
"REMOVE","consequence","3"
"REMOVE","relevant","1"
"REMOVE","counsel","1"
"REMOVE","download","2"
"REMOVE","ranks","0"
"REMOVE","assist","1"
"REMOVE","programmer","2"
"REMOVE","seattle","1"
"REMOVE","assign","0"
"REMOVE","cycles","1"
"REMOVE","official","1"
"REMOVE","vector","1"
"REMOVE","namely","1"
"REMOVE","managing","1"
"REMOVE","winter","0"
"REMOVE","tulsa","1"
"REMOVE","temple","1"
"REMOVE","contributed","3"
"REMOVE","raises","0"
"REMOVE","females","1"
"REMOVE","characterized","1"
"REMOVE","outdoors","2"
"REMOVE","hearing","1"
"REMOVE","abandoned","2"
"REMOVE","irish","1"
"REMOVE","heading","1"
"REMOVE","claim","0"
"REMOVE","syria","0"
"REMOVE","maximum","1"
"REMOVE","districts","1"
"REMOVE","survivors","2"
"REMOVE","eddie","0"
"REMOVE","worthy","1"
"REMOVE","supplied","2"
"REMOVE","reproduced","1"
"REMOVE","cartridge","2"
"REMOVE","fares","0"
"REMOVE","handled","2"
"REMOVE","document","2"
"REMOVE","forms","1"
"REMOVE","garmin","0"
"REMOVE","healing","0"
"REMOVE","optical","1"
"REMOVE","servers","0"
"REMOVE","ebony","0"
"REMOVE","geological","3"
"REMOVE","frequencies","3"
"REMOVE","auction","0"
"REMOVE","respond","1"
"REMOVE","visit","0"
"REMOVE","visitors","0"
"REMOVE","fathers","1"
"REMOVE","maryland","2"
"REMOVE","arise","0"
"REMOVE","commonly","2"
"REMOVE","bread","0"
"REMOVE","minnesota","2"
"REMOVE","jenny","1"
"REMOVE","surgeon","1"
"REMOVE","antiques","2"
"REMOVE","enable","1"
"REMOVE","impressed","2"
"REMOVE","reduces","1"
"REMOVE","clicks","1"
"REMOVE","voyuer","0"
"REMOVE","replaced","1"
"REMOVE","excess","1"
"REMOVE","steven","0"
"REMOVE","lexmark","1"
"REMOVE","bless","1"
"REMOVE","integrity","2"
"REMOVE","birthday","2"
"REMOVE","successful","3"
"REMOVE","through","0"
"REMOVE","actions","1"
"REMOVE","internationally","2"
"REMOVE","portland","1"
"REMOVE","equity","1"
"REMOVE","wellness","1"
"REMOVE","solar","0"
"REMOVE","outlook","2"
"REMOVE","providence","2"
"REMOVE","worcester","2"
"REMOVE","statewide","1"
"REMOVE","significant","3"
"REMOVE","oklahoma","2"
"REMOVE","meaning","1"
"REMOVE","cycle","1"
"REMOVE","glucose","1"
"REMOVE","kenya","1"
"REMOVE","talks","0"
"REMOVE","expenditure","3"
"REMOVE","resulted","2"
"REMOVE","record","0"
"REMOVE","prepaid","1"
"REMOVE","extraction","3"
"REMOVE","necessity","2"
"REMOVE","impressive","3"
"REMOVE","matthew","2"
"REMOVE","married","0"
"REMOVE","frontier","2"
"REMOVE","destruction","3"
"REMOVE","treatments","2"
"REMOVE","executed","1"
"REMOVE","robust","1"
"REMOVE","prayer","0"
"REMOVE","dancing","1"
"REMOVE","harrison","1"
"REMOVE","breasts","1"
"REMOVE","cartoon","1"
"REMOVE","court","1"
"REMOVE","uganda","1"
"REMOVE","controlling","2"
"REMOVE","consultation","4"
"REMOVE","involves","1"
"REMOVE","pubmed","1"
"REMOVE","sheriff","1"
"REMOVE","outstanding","2"
"REMOVE","business","2"
"REMOVE","appreciation","3"
"REMOVE","census","1"
"REMOVE","letters","0"
"REMOVE","bailey","1"
"REMOVE","honolulu","2"
"REMOVE","elections","2"
"REMOVE","contests","1"
"REMOVE","voyeur","1"
"REMOVE","agreements","2"
"REMOVE","eagles","1"
"REMOVE","historic","1"
"REMOVE","logistics","2"
"REMOVE","volvo","0"
"REMOVE","indigenous","2"
"REMOVE","maternity","2"
"REMOVE","speeches","1"
"REMOVE","experiment","2"
"REMOVE","consoles","1"
"REMOVE","token","0"
"REMOVE","breathing","2"
"REMOVE","papua","1"
"REMOVE","thereof","1"
"REMOVE","amount","1"
"REMOVE","portions","0"
"REMOVE","bundle","1"
"REMOVE","stations","1"
"REMOVE","steady","1"
"REMOVE","estimation","1"
"REMOVE","globe","1"
"REMOVE","saves","0"
"REMOVE","dramatically","3"
"REMOVE","jokes","0"
"REMOVE","ranked","0"
"REMOVE","hungry","1"
"REMOVE","devil","0"
"REMOVE","fabulous","2"
"REMOVE","quote","0"
"REMOVE","games","1"
"REMOVE","networking","1"
"REMOVE","continuity","2"
"REMOVE","registration","2"
"REMOVE","relationships","1"
"REMOVE","which","1"
"REMOVE","motor","0"
"REMOVE","noise","1"
"REMOVE","variations","2"
"REMOVE","however","1"
"REMOVE","resistance","2"
"REMOVE","determining","2"
"REMOVE","beginning","3"
"REMOVE","million","1"
"REMOVE","image","1"
"REMOVE","under","0"
"REMOVE","occur","1"
"REMOVE","obtained","2"
"REMOVE","without","1"
"REMOVE","valued","0"
"REMOVE","calculations","4"
"REMOVE","conscious","2"
"REMOVE","hunting","2"
"REMOVE","courses","0"
"REMOVE","appearance","1"
"REMOVE","residence","1"
"REMOVE","confused","1"
"REMOVE","ending","1"
"REMOVE","knowing","1"
"REMOVE","detail","1"
"REMOVE","layout","1"
"REMOVE","withdrawal","3"
"REMOVE","downloads","2"
"REMOVE","exposure","2"
"REMOVE","reproduction","3"
"REMOVE","custom","1"
"REMOVE","particular","1"
"REMOVE","theology","1"
"REMOVE","decision","2"
"REMOVE","advanced","1"
"REMOVE","scratch","0"
"REMOVE","communist","2"
"REMOVE","beginner","1"
"REMOVE","furnished","2"
"REMOVE","republican","2"
"REMOVE","chances","1"
"REMOVE","watching","1"
"REMOVE","pattern","2"
"REMOVE","orange","0"
"REMOVE","nationally","2"
"REMOVE","charger","1"
"REMOVE","arrow","1"
"REMOVE","beverages","2"
"REMOVE","distributors","2"
"REMOVE","state","0"
"REMOVE","unsubscribe","3"
"REMOVE","spiritual","1"
"REMOVE","royalty","0"
"REMOVE","established","2"
"REMOVE","boulevard","2"
"REMOVE","listprice","2"
"REMOVE","projects","1"
"REMOVE","stevens","1"
"REMOVE","civil","0"
"REMOVE","declare","1"
"REMOVE","initiative","2"
"REMOVE","history","2"
"REMOVE","confidence","2"
"REMOVE","therapeutic","2"
"REMOVE","pocket","1"
"REMOVE","promotion","1"
"REMOVE","standard","2"
"REMOVE","stones","1"
"REMOVE","polymer","1"
"REMOVE","treating","1"
"REMOVE","coating","0"
"REMOVE","cardiff","1"
"REMOVE","reactions","2"
"REMOVE","sublime","1"
"REMOVE","tunes","0"
"REMOVE","mercedes","2"
"REMOVE","edition","1"
"REMOVE","transaction","2"
"REMOVE","donated","1"
"REMOVE","folding","1"
"REMOVE","freight","1"
"REMOVE","reduced","1"
"REMOVE","doing","0"
"REMOVE","impossible","3"
"REMOVE","taste","0"
"REMOVE","consumer","2"
"REMOVE","analysis","2"
"REMOVE","someone","1"
"REMOVE","periodically","3"
"REMOVE","accept","2"
"REMOVE","rendered","1"
"REMOVE","unfortunately","4"
"REMOVE","kazakhstan","3"
"REMOVE","enabling","1"
"REMOVE","volunteers","2"
"REMOVE","scientific","3"
"REMOVE","elevation","2"
"REMOVE","indian","0"
"REMOVE","gangbang","2"
"REMOVE","internship","3"
"REMOVE","retained","0"
"ADD","groundwater","65"
"ADD","expiration","23"
"ADD","virus","5"
"ADD","february","31"
"ADD","grant","2"
"ADD","portsmouth","69"
"ADD","provide","18"
"ADD","adapted","17"
"ADD","decade","19"
"ADD","ebook","7"
"ADD","smooth","14"
"ADD","habits","14"
"ADD","seating","6"
"ADD","recommendation","79"
"ADD","blades","20"
"ADD","experts","6"
"ADD","channel","26"
"ADD","hewlett","20"
"ADD","joyce","14"
"ADD","claire","9"
"ADD","howto","7"
"ADD","approximately","150"
"ADD","duration","12"
"ADD","participant","74"
"ADD","belongs","20"
"ADD","hentai","19"
"ADD","diversity","11"
"ADD","complex","12"
"ADD","finding","0"
"ADD","township","10"
"ADD","necessary","37"
"ADD","subsequent","44"
"ADD","pakistan","30"
"ADD","organizational","114"
"ADD","referring","47"
"ADD","organic","15"
"ADD","manage","12"
"ADD","appreciated","74"
"ADD","tremendous","44"
"ADD","estimates","11"
"ADD","virgin","13"
"ADD","discipline","53"
"ADD","ended","9"
"ADD","tradition","27"
"ADD","dollar","10"
"ADD","inquire","23"
"ADD","portal","11"
"ADD","remained","0"
"ADD","shared","5"
"ADD","giants","12"
"ADD","cornell","22"
"ADD","stolen","6"
"ADD","hydrogen","35"
"ADD","jewel","16"
"ADD","indeed","19"
"ADD","deutschland","74"
"ADD","contacts","11"
"ADD","personals","31"
"ADD","amenities","43"
"ADD","takes","3"
"ADD","river","2"
"ADD","chester","17"
"ADD","payment","7"
"ADD","comments","22"
"ADD","oregon","20"
"ADD","closing","12"
"ADD","username","22"
"ADD","excitement","50"
"ADD","portrait","22"
"ADD","decorative","36"
"ADD","customers","43"
"ADD","grill","8"
"ADD","descending","63"
"ADD","setup","9"
"ADD","workshops","27"
"ADD","cancellation","75"
"ADD","norton","7"
"ADD","designation","29"
"ADD","vampire","23"
"ADD","hazard","9"
"ADD","limit","6"
"ADD","viral","7"
"ADD","cheque","29"
"ADD","trail","6"
"ADD","reflect","17"
"ADD","approaches","43"
"ADD","lyric","5"
"ADD","reach","3"
"ADD","built","9"
"ADD","italic","25"
"ADD","chronicles","47"
"ADD","substances","41"
"ADD","finance","16"
"ADD","christ","8"
"ADD","distribute","50"
"ADD","nicholas","23"
"ADD","realized","25"
"ADD","penetration","33"
"ADD","reasonable","47"
"ADD","fundraising","74"
"ADD","penalties","35"
"ADD","oscar","8"
"ADD","donna","17"
"ADD","identification","161"
"ADD","mattress","40"
"ADD","property","27"
"ADD","drums","11"
"ADD","spain","3"
"ADD","syndicate","39"
"ADD","valium","12"
"ADD","subsection","57"
"ADD","inside","13"
"ADD","trade","4"
"ADD","wonder","11"
"ADD","generally","47"
"ADD","devon","8"
"ADD","advances","28"
"ADD","capitol","19"
"ADD","forecasts","52"
"ADD","romania","18"
"ADD","effective","18"
"ADD","commented","33"
"ADD","translator","42"
"ADD","includes","14"
"ADD","eleven","6"
"ADD","nodes","7"
"ADD","poster","14"
"ADD","folders","15"
"ADD","digit","9"
"ADD","accepted","45"
"ADD","releases","21"
"ADD","arctic","25"
"ADD","painting","24"
"ADD","handbags","30"
"ADD","permitted","40"
"ADD","migration","18"
"ADD","fantasy","21"
"ADD","verbal","4"
"ADD","played","12"
"ADD","implementing","124"
"ADD","existing","28"
"ADD","cuisine","10"
"ADD","gazette","5"
"ADD","class","6"
"ADD","albany","18"
"ADD","estonia","20"
"ADD","partly","8"
"ADD","cutting","9"
"ADD","amazon","14"
"ADD","butter","20"
"ADD","persons","9"
"ADD","charm","3"
"ADD","glory","10"
"ADD","ranger","18"
"ADD","truly","1"
"ADD","authors","7"
"ADD","representation","175"
"ADD","coding","6"
"ADD","hayes","5"
"ADD","catherine","24"
"ADD","drill","7"
"ADD","fails","4"
"ADD","scores","7"
"ADD","profit","15"
"ADD","pokemon","19"
"ADD","terrain","7"
"ADD","strips","2"
"ADD","yahoo","11"
"ADD","density","17"
"ADD","particularly","91"
"ADD","depend","5"
"ADD","allow","9"
"ADD","saturday","26"
"ADD","investors","15"
"ADD","deputy","12"
"ADD","figured","12"
"ADD","annotation","22"
"ADD","florist","19"
"ADD","impact","23"
"ADD","hampshire","37"
"ADD","where","6"
"ADD","those","15"
"ADD","ideal","1"
"ADD","nutrition","37"
"ADD","donations","19"
"ADD","laden","2"
"ADD","sigma","13"
"ADD","member","16"
"ADD","lectures","23"
"ADD","independently","66"
"ADD","symphony","27"
"ADD","gorgeous","42"
"ADD","problem","14"
"ADD","secretary","30"
"ADD","calculator","54"
"ADD","scout","3"
"ADD","unknown","19"
"ADD","football","33"
"ADD","athletics","41"
"ADD","ultram","17"
"ADD","butler","23"
"ADD","areas","10"
"ADD","smilies","18"
"ADD","stamps","6"
"ADD","requiring","25"
"ADD","boundaries","50"
"ADD","creations","33"
"ADD","occasional","29"
"ADD","enhanced","31"
"ADD","hardwood","35"
"ADD","loved","2"
"ADD","minor","16"
"ADD","swing","6"
"ADD","accepting","34"
"ADD","implement","31"
"ADD","crack","10"
"ADD","enlarge","22"
"ADD","michel","14"
"ADD","animated","25"
"ADD","headset","13"
"ADD","golden","15"
"ADD","heated","9"
"ADD","british","30"
"ADD","preferences","79"
"ADD","lopez","4"
"ADD","calculation","63"
"ADD","consult","13"
"ADD","fixtures","34"
"ADD","keeping","17"
"ADD","within","11"
"ADD","theory","16"
"ADD","discovery","49"
"ADD","relay","8"
"ADD","proteins","17"
"ADD","billing","13"
"ADD","pharmacology","92"
"ADD","practices","45"
"ADD","researchers","54"
"ADD","trace","2"
"ADD","continuing","33"
"ADD","blend","17"
"ADD","option","10"
"ADD","aaron","12"
"ADD","providers","28"
"ADD","across","15"
"ADD","princeton","29"
"ADD","temporarily","54"
"ADD","indicate","22"
"ADD","competition","63"
"ADD","leaving","24"
"ADD","strongly","22"
"ADD","counting","12"
"ADD","intensive","54"
"ADD","investment","49"
"ADD","ceramic","37"
"ADD","worst","4"
"ADD","vienna","24"
"ADD","gentleman","54"
"ADD","advertiser","61"
"ADD","notify","17"
"ADD","twist","9"
"ADD","visual","13"
"ADD","crossing","12"
"ADD","vegetation","43"
"ADD","ballet","12"
"ADD","saint","5"
"ADD","flexibility","91"
"ADD","result","17"
"ADD","constraints","44"
"ADD","certification","56"
"ADD","replace","2"
"ADD","captain","14"
"ADD","examples","40"
"ADD","societies","22"
"ADD","trading","12"
"ADD","monetary","10"
"ADD","selected","14"
"ADD","evidence","24"
"ADD","professor","8"
"ADD","software","27"
"ADD","ratios","8"
"ADD","start","3"
"ADD","olympus","25"
"ADD","invitation","31"
"ADD","relax","11"
"ADD","magnitude","37"
"ADD","financial","59"
"ADD","conservation","38"
"ADD","correction","16"
"ADD","friendship","53"
"ADD","putting","28"
"ADD","weblogs","18"
"ADD","opportunity","33"
"ADD","stays","6"
"ADD","anderson","28"
"ADD","messenger","37"
"ADD","investing","15"
"ADD","second","12"
"ADD","reflection","19"
"ADD","roses","5"
"ADD","dropped","23"
"ADD","brief","16"
"ADD","previous","20"
"ADD","geometry","31"
"ADD","submission","33"
"ADD","trailers","28"
"ADD","hopkins","13"
"ADD","converted","40"
"ADD","aspects","19"
"ADD","rabbit","25"
"ADD","wicked","6"
"ADD","disaster","27"
"ADD","davidson","26"
"ADD","vibrators","18"
"ADD","favor","2"
"ADD","syntax","14"
"ADD","sunset","10"
"ADD","nurses","4"
"ADD","publisher","38"
"ADD","arrivals","29"
"ADD","apparel","28"
"ADD","unlock","15"
"ADD","blood","7"
"ADD","electric","33"
"ADD","permanent","41"
"ADD","relationship","68"
"ADD","mathematical","102"
"ADD","agency","17"
"ADD","references","25"
"ADD","rochester","19"
"ADD","suggest","23"
"ADD","wiley","2"
"ADD","disease","24"
"ADD","proceeding","38"
"ADD","shaft","4"
"ADD","subject","24"
"ADD","johnson","29"
"ADD","available","30"
"ADD","location","8"
"ADD","server","8"
"ADD","rentals","12"
"ADD","surprise","31"
"ADD","garlic","16"
"ADD","trials","2"
"ADD","collective","11"
"ADD","flowers","14"
"ADD","protocol","34"
"ADD","showtimes","39"
"ADD","arguments","38"
"ADD","frank","15"
"ADD","elimination","45"
"ADD","christians","37"
"ADD","chinese","17"
"ADD","programs","10"
"ADD","columns","8"
"ADD","least","8"
"ADD","marco","8"
"ADD","press","7"
"ADD","transexual","37"
"ADD","mention","14"
"ADD","dating","17"
"ADD","incurred","24"
"ADD","musicians","17"
"ADD","pasta","8"
"ADD","certificate","100"
"ADD","ceiling","17"
"ADD","pipeline","28"
"ADD","legends","20"
"ADD","beautifully","98"
"ADD","conventions","45"
"ADD","contributing","66"
"ADD","stars","10"
"ADD","chief","3"
"ADD","pharmacies","61"
"ADD","average","25"
"ADD","sexuality","34"
"ADD","biggest","29"
"ADD","spaces","10"
"ADD","packing","16"
"ADD","architectural","147"
"ADD","pursuit","34"
"ADD","curves","5"
"ADD","comparing","20"
"ADD","coverage","24"
"ADD","carpet","15"
"ADD","copper","8"
"ADD","conspiracy","48"
"ADD","disks","6"
"ADD","texas","7"
"ADD","positioning","41"
"ADD","banned","15"
"ADD","concord","19"
"ADD","segment","11"
"ADD","distributed","63"
"ADD","accessible","63"
"ADD","pittsburgh","56"
"ADD","picked","9"
"ADD","fight","9"
"ADD","excluding","36"
"ADD","destroy","26"
"ADD","illustrations","86"
"ADD","determine","37"
"ADD","licensing","23"
"ADD","cleaning","24"
"ADD","eight","6"
"ADD","recommended","49"
"ADD","characteristics","301"
"ADD","downloaded","22"
"ADD","share","3"
"ADD","patients","31"
"ADD","friendly","24"
"ADD","ireland","24"
"ADD","jeremy","16"
"ADD","decent","11"
"ADD","manor","17"
"ADD","louisville","53"
"ADD","contrast","19"
"ADD","bacon","14"
"ADD","briefs","6"
"ADD","haiti","17"
"ADD","intelligence","83"
"ADD","moderator","31"
"ADD","present","13"
"ADD","wallet","12"
"ADD","flags","12"
"ADD","startup","12"
"ADD","summary","7"
"ADD","gratuit","25"
"ADD","highest","19"
"ADD","conversations","80"
"ADD","reproduce","37"
"ADD","displays","10"
"ADD","installation","65"
"ADD","corpus","6"
"ADD","occupational","57"
"ADD","binary","15"
"ADD","starting","15"
"ADD","forum","17"
"ADD","rwanda","16"
"ADD","walnut","12"
"ADD","fitting","16"
"ADD","lover","1"
"ADD","approved","24"
"ADD","wellington","41"
"ADD","colin","11"
"ADD","changes","21"
"ADD","reseller","9"
"ADD","seller","3"
"ADD","midnight","28"
"ADD","achieve","18"
"ADD","expression","61"
"ADD","choose","10"
"ADD","updates","16"
"ADD","breakfast","40"
"ADD","phrases","12"
"ADD","auctions","39"
"ADD","convergence","45"
"ADD","skilled","20"
"ADD","explanation","55"
"ADD","cathedral","38"
"ADD","watson","16"
"ADD","orgasm","17"
"ADD","fleet","11"
"ADD","reduce","8"
"ADD","commissioners","138"
"ADD","acrylic","22"
"ADD","witnesses","43"
"ADD","spectacular","60"
"ADD","fired","4"
"ADD","identified","51"
"ADD","recorder","23"
"ADD","plate","3"
"ADD","routes","9"
"ADD","sleep","5"
"ADD","slides","7"
"ADD","metres","6"
"ADD","sapphire","27"
"ADD","collaboration","65"
"ADD","turning","17"
"ADD","trademark","24"
"ADD","involving","4"
"ADD","madrid","13"
"ADD","panama","17"
"ADD","generation","38"
"ADD","gentle","14"
"ADD","details","21"
"ADD","readily","35"
"ADD","holds","8"
"ADD","photographic","73"
"ADD","emotional","24"
"ADD","gibson","18"
"ADD","explorer","18"
"ADD","checkout","24"
"ADD","loves","7"
"ADD","jelsoft","15"
"ADD","council","24"
"ADD","shuttle","17"
"ADD","believe","28"
"ADD","sound","7"
"ADD","tiles","3"
"ADD","witch","10"
"ADD","already","32"
"ADD","masturbation","35"
"ADD","judicial","24"
"ADD","fellow","14"
"ADD","absorption","51"
"ADD","generating","33"
"ADD","investigation","56"
"ADD","passed","10"
"ADD","minister","13"
"ADD","anywhere","36"
"ADD","greene","8"
"ADD","violation","14"
"ADD","wales","7"
"ADD","logging","15"
"ADD","dedicated","25"
"ADD","infants","20"
"ADD","qualify","13"
"ADD","culture","13"
"ADD","tomatoes","20"
"ADD","curriculum","54"
"ADD","alfred","5"
"ADD","rally","5"
"ADD","postings","20"
"ADD","allan","13"
"ADD","construction","70"
"ADD","specifically","89"
"ADD","florists","17"
"ADD","cloud","10"
"ADD","succeed","21"
"ADD","newcastle","41"
"ADD","fisheries","30"
"ADD","recipient","54"
"ADD","marks","4"
"ADD","recruitment","41"
"ADD","precise","15"
"ADD","revealed","26"
"ADD","sandra","5"
"ADD","designated","44"
"ADD","standings","37"
"ADD","collar","10"
"ADD","lately","16"
"ADD","structured","22"
"ADD","sellers","18"
"ADD","characteristic","130"
"ADD","electoral","15"
"ADD","stream","7"
"ADD","unusual","8"
"ADD","packets","18"
"ADD","strong","2"
"ADD","appropriations","147"
"ADD","vietnamese","55"
"ADD","qualification","84"
"ADD","disable","27"
"ADD","queen","16"
"ADD","always","14"
"ADD","cheat","17"
"ADD","depends","14"
"ADD","parental","17"
"ADD","presents","20"
"ADD","excuse","6"
"ADD","subjects","17"
"ADD","psychological","99"
"ADD","steps","4"
"ADD","garbage","21"
"ADD","apply","16"
"ADD","block","16"
"ADD","informal","18"
"ADD","execution","7"
"ADD","species","5"
"ADD","badge","14"
"ADD","receiving","36"
"ADD","targets","14"
"ADD","reward","10"
"ADD","sitting","3"
"ADD","porno","9"
"ADD","italia","14"
"ADD","shock","10"
"ADD","wagner","10"
"ADD","heating","8"
"ADD","concerning","59"
"ADD","physicians","36"
"ADD","alphabetical","83"
"ADD","taiwan","12"
"ADD","engineer","17"
"ADD","enquiries","33"
"ADD","alleged","15"
"ADD","prints","0"
"ADD","honda","11"
"ADD","departmental","34"
"ADD","caused","15"
"ADD","constantly","17"
"ADD","bristol","25"
"ADD","refer","7"
"ADD","cheats","7"
"ADD","viewers","18"
"ADD","illinois","25"
"ADD","attribute","53"
"ADD","awareness","44"
"ADD","wright","16"
"ADD","darkness","25"
"ADD","genome","19"
"ADD","encourages","40"
"ADD","clothes","13"
"ADD","verde","9"
"ADD","noble","7"
"ADD","charitable","66"
"ADD","alone","3"
"ADD","writing","9"
"ADD","sheet","9"
"ADD","recently","14"
"ADD","markets","28"
"ADD","structure","23"
"ADD","referral","35"
"ADD","weekend","6"
"ADD","faculty","7"
"ADD","harper","16"
"ADD","engineers","34"
"ADD","after","7"
"ADD","promptly","33"
"ADD","informative","86"
"ADD","bracelets","31"
"ADD","sociology","31"
"ADD","rolling","6"
"ADD","wrong","7"
"ADD","payments","12"
"ADD","today","7"
"ADD","argentina","43"
"ADD","specifics","26"
"ADD","behavioral","68"
"ADD","thinks","15"
"ADD","hudson","14"
"ADD","fortune","26"
"ADD","couple","19"
"ADD","talented","25"
"ADD","weights","15"
"ADD","persistent","57"
"ADD","equilibrium","80"
"ADD","stability","18"
"ADD","constitutional","206"
"ADD","monsters","19"
"ADD","applies","30"
"ADD","milan","6"
"ADD","basis","6"
"ADD","males","11"
"ADD","commands","28"
"ADD","nikon","11"
"ADD","competent","18"
"ADD","pages","1"
"ADD","milfs","5"
"ADD","bryant","17"
"ADD","predicted","56"
"ADD","toilet","7"
"ADD","leader","17"
"ADD","participating","105"
"ADD","wordpress","46"
"ADD","purchasing","36"
"ADD","flame","15"
"ADD","heights","14"
"ADD","pollution","19"
"ADD","retirement","37"
"ADD","sports","9"
"ADD","convention","20"
"ADD","enhance","24"
"ADD","pointer","1"
"ADD","happening","15"
"ADD","africa","16"
"ADD","exclude","20"
"ADD","article","21"
"ADD","purple","18"
"ADD","rainbow","24"
"ADD","lesson","9"
"ADD","villas","8"
"ADD","recordings","36"
"ADD","survivor","19"
"ADD","hepatitis","21"
"ADD","league","9"
"ADD","arlington","31"
"ADD","seventh","14"
"ADD","wrist","1"
"ADD","count","6"
"ADD","foster","9"
"ADD","ricky","9"
"ADD","directions","45"
"ADD","afghanistan","83"
"ADD","relates","6"
"ADD","aluminium","64"
"ADD","mechanisms","40"
"ADD","strengths","56"
"ADD","turtle","6"
"ADD","reservation","8"
"ADD","parks","5"
"ADD","contest","12"
"ADD","thread","17"
"ADD","memories","22"
"ADD","awarded","25"
"ADD","intended","26"
"ADD","connectivity","61"
"ADD","aluminum","34"
"ADD","status","12"
"ADD","accommodate","95"
"ADD","reload","11"
"ADD","mechanism","5"
"ADD","suggestion","38"
"ADD","match","7"
"ADD","agricultural","105"
"ADD","gourmet","25"
"ADD","schemes","12"
"ADD","towers","10"
"ADD","charged","11"
"ADD","breakdown","44"
"ADD","elect","9"
"ADD","craps","10"
"ADD","manitoba","25"
"ADD","stage","7"
"ADD","origins","12"
"ADD","position","30"
"ADD","luther","10"
"ADD","furthermore","44"
"ADD","rough","2"
"ADD","gained","12"
"ADD","delays","10"
"ADD","imagine","21"
"ADD","counts","10"
"ADD","mozilla","33"
"ADD","medicaid","29"
"ADD","threshold","40"
"ADD","chart","14"
"ADD","vehicles","21"
"ADD","paragraph","43"
"ADD","velocity","17"
"ADD","aboriginal","52"
"ADD","bringing","25"
"ADD","ensures","20"
"ADD","starts","7"
"ADD","novelty","20"
"ADD","incoming","23"
"ADD","airport","27"
"ADD","consequence","82"
"ADD","relevant","16"
"ADD","counsel","17"
"ADD","download","40"
"ADD","ranks","10"
"ADD","assist","6"
"ADD","programmer","55"
"ADD","seattle","11"
"ADD","assign","22"
"ADD","cycles","16"
"ADD","official","19"
"ADD","vector","10"
"ADD","namely","23"
"ADD","managing","14"
"ADD","winter","8"
"ADD","tulsa","8"
"ADD","temple","5"
"ADD","contributed","82"
"ADD","raises","10"
"ADD","females","26"
"ADD","characterized","102"
"ADD","outdoors","25"
"ADD","hearing","0"
"ADD","abandoned","57"
"ADD","irish","5"
"ADD","heading","9"
"ADD","claim","9"
"ADD","syria","10"
"ADD","maximum","24"
"ADD","districts","41"
"ADD","survivors","31"
"ADD","eddie","9"
"ADD","worthy","10"
"ADD","supplied","24"
"ADD","reproduced","28"
"ADD","cartridge","32"
"ADD","fares","6"
"ADD","handled","8"
"ADD","document","20"
"ADD","forms","5"
"ADD","garmin","17"
"ADD","healing","10"
"ADD","optical","12"
"ADD","servers","9"
"ADD","ebony","8"
"ADD","geological","48"
"ADD","frequencies","46"
"ADD","auction","11"
"ADD","respond","12"
"ADD","visit","9"
"ADD","visitors","35"
"ADD","fathers","21"
"ADD","maryland","28"
"ADD","arise","11"
"ADD","commonly","24"
"ADD","bread","3"
"ADD","minnesota","36"
"ADD","jenny","8"
"ADD","surgeon","18"
"ADD","antiques","36"
"ADD","enable","14"
"ADD","impressed","43"
"ADD","reduces","20"
"ADD","clicks","5"
"ADD","voyuer","7"
"ADD","replaced","23"
"ADD","excess","11"
"ADD","steven","11"
"ADD","lexmark","24"
"ADD","bless","7"
"ADD","integrity","40"
"ADD","birthday","49"
"ADD","successful","43"
"ADD","through","12"
"ADD","actions","18"
"ADD","internationally","210"
"ADD","portland","22"
"ADD","equity","9"
"ADD","wellness","19"
"ADD","solar","4"
"ADD","outlook","25"
"ADD","providence","36"
"ADD","worcester","47"
"ADD","statewide","38"
"ADD","significant","57"
"ADD","oklahoma","21"
"ADD","meaning","17"
"ADD","cycle","8"
"ADD","glucose","26"
"ADD","kenya","10"
"ADD","talks","3"
"ADD","expenditure","68"
"ADD","resulted","13"
"ADD","record","9"
"ADD","prepaid","11"
"ADD","extraction","34"
"ADD","necessity","35"
"ADD","impressive","34"
"ADD","matthew","8"
"ADD","married","25"
"ADD","frontier","29"
"ADD","destruction","30"
"ADD","treatments","36"
"ADD","executed","30"
"ADD","robust","12"
"ADD","prayer","16"
"ADD","dancing","13"
"ADD","harrison","27"
"ADD","breasts","13"
"ADD","cartoon","11"
"ADD","court","5"
"ADD","uganda","16"
"ADD","controlling","90"
"ADD","consultation","49"
"ADD","involves","13"
"ADD","pubmed","7"
"ADD","sheriff","17"
"ADD","outstanding","72"
"ADD","business","37"
"ADD","appreciation","91"
"ADD","census","10"
"ADD","letters","21"
"ADD","bailey","3"
"ADD","honolulu","33"
"ADD","elections","33"
"ADD","contests","16"
"ADD","voyeur","12"
"ADD","agreements","49"
"ADD","eagles","9"
"ADD","historic","28"
"ADD","logistics","24"
"ADD","volvo","7"
"ADD","indigenous","62"
"ADD","maternity","23"
"ADD","speeches","26"
"ADD","experiment","52"
"ADD","consoles","25"
"ADD","token","7"
"ADD","breathing","54"
"ADD","papua","11"
"ADD","thereof","25"
"ADD","amount","8"
"ADD","portions","4"
"ADD","bundle","28"
"ADD","stations","4"
"ADD","steady","14"
"ADD","estimation","18"
"ADD","globe","10"
"ADD","saves","5"
"ADD","dramatically","63"
"ADD","jokes","6"
"ADD","ranked","17"
"ADD","hungry","9"
"ADD","devil","8"
"ADD","fabulous","31"
"ADD","quote","13"
"ADD","games","4"
"ADD","networking","58"
"ADD","continuity","21"
"ADD","registration","75"
"ADD","relationships","149"
"ADD","which","7"
"ADD","motor","3"
"ADD","noise","8"
"ADD","variations","24"
"ADD","however","16"
"ADD","resistance","34"
"ADD","determining","50"
"ADD","beginning","35"
"ADD","million","16"
"ADD","image","9"
"ADD","under","0"
"ADD","occur","9"
"ADD","obtained","14"
"ADD","without","14"
"ADD","valued","17"
"ADD","calculations","74"
"ADD","conscious","15"
"ADD","hunting","16"
"ADD","courses","13"
"ADD","appearance","43"
"ADD","residence","14"
"ADD","confused","24"
"ADD","ending","4"
"ADD","knowing","13"
"ADD","detail","10"
"ADD","layout","21"
"ADD","withdrawal","54"
"ADD","downloads","32"
"ADD","exposure","36"
"ADD","reproduction","102"
"ADD","custom","15"
"ADD","particular","41"
"ADD","theology","14"
"ADD","decision","22"
"ADD","advanced","23"
"ADD","scratch","22"
"ADD","communist","36"
"ADD","beginner","26"
"ADD","furnished","41"
"ADD","republican","41"
"ADD","chances","17"
"ADD","watching","22"
"ADD","pattern","24"
"ADD","orange","8"
"ADD","nationally","47"
"ADD","charger","21"
"ADD","arrow","12"
"ADD","beverages","60"
"ADD","distributors","59"
"ADD","state","6"
"ADD","unsubscribe","67"
"ADD","spiritual","35"
"ADD","royalty","19"
"ADD","established","49"
"ADD","boulevard","47"
"ADD","listprice","33"
"ADD","projects","21"
"ADD","stevens","20"
"ADD","civil","15"
"ADD","declare","18"
"ADD","initiative","28"
"ADD","history","13"
"ADD","confidence","32"
"ADD","therapeutic","58"
"ADD","pocket","23"
"ADD","promotion","19"
"ADD","standard","18"
"ADD","stones","5"
"ADD","polymer","22"
"ADD","treating","3"
"ADD","coating","11"
"ADD","cardiff","16"
"ADD","reactions","38"
"ADD","sublime","27"
"ADD","tunes","4"
"ADD","mercedes","33"
"ADD","edition","4"
"ADD","transaction","23"
"ADD","donated","15"
"ADD","folding","12"
"ADD","freight","9"
"ADD","reduced","22"
"ADD","doing","10"
"ADD","impossible","39"
"ADD","taste","5"
"ADD","consumer","20"
"ADD","analysis","28"
"ADD","someone","14"
"ADD","periodically","117"
"ADD","accept","13"
"ADD","rendered","24"
"ADD","unfortunately","88"
"ADD","kazakhstan","53"
"ADD","enabling","32"
"ADD","volunteers","17"
"ADD","scientific","73"
"ADD","elevation","21"
"ADD","indian","8"
"ADD","gangbang","33"
"ADD","internship","56"
"ADD","retained","19"
"SWAP","groundwater","6"
"SWAP","expiration","4"
"SWAP","virus","0"
"SWAP","february","1"
"SWAP","grant","0"
"SWAP","portsmouth","1"
"SWAP","provide","0"
"SWAP","adapted","2"
"SWAP","decade","0"
"SWAP","ebook","1"
"SWAP","smooth","0"
"SWAP","habits","2"
"SWAP","seating","1"
"SWAP","recommendation","5"
"SWAP","blades","1"
"SWAP","experts","0"
"SWAP","channel","0"
"SWAP","hewlett","3"
"SWAP","joyce","1"
"SWAP","claire","0"
"SWAP","howto","0"
"SWAP","approximately","3"
"SWAP","duration","2"
"SWAP","participant","18"
"SWAP","belongs","0"
"SWAP","hentai","5"
"SWAP","diversity","4"
"SWAP","complex","1"
"SWAP","finding","3"
"SWAP","township","2"
"SWAP","necessary","4"
"SWAP","subsequent","12"
"SWAP","pakistan","2"
"SWAP","organizational","5"
"SWAP","referring","1"
"SWAP","organic","1"
"SWAP","manage","0"
"SWAP","appreciated","6"
"SWAP","tremendous","1"
"SWAP","estimates","1"
"SWAP","virgin","1"
"SWAP","discipline","1"
"SWAP","ended","0"
"SWAP","tradition","3"
"SWAP","dollar","0"
"SWAP","inquire","2"
"SWAP","portal","1"
"SWAP","remained","1"
"SWAP","shared","0"
"SWAP","giants","2"
"SWAP","cornell","3"
"SWAP","stolen","4"
"SWAP","hydrogen","1"
"SWAP","jewel","0"
"SWAP","indeed","2"
"SWAP","deutschland","11"
"SWAP","contacts","1"
"SWAP","personals","2"
"SWAP","amenities","3"
"SWAP","takes","0"
"SWAP","river","0"
"SWAP","chester","0"
"SWAP","payment","2"
"SWAP","comments","1"
"SWAP","oregon","2"
"SWAP","closing","0"
"SWAP","username","4"
"SWAP","excitement","11"
"SWAP","portrait","2"
"SWAP","decorative","1"
"SWAP","customers","1"
"SWAP","grill","0"
"SWAP","descending","2"
"SWAP","setup","0"
"SWAP","workshops","3"
"SWAP","cancellation","9"
"SWAP","norton","0"
"SWAP","designation","4"
"SWAP","vampire","1"
"SWAP","hazard","1"
"SWAP","limit","4"
"SWAP","viral","0"
"SWAP","cheque","1"
"SWAP","trail","0"
"SWAP","reflect","0"
"SWAP","approaches","3"
"SWAP","lyric","0"
"SWAP","reach","1"
"SWAP","built","0"
"SWAP","italic","1"
"SWAP","chronicles","4"
"SWAP","substances","1"
"SWAP","finance","1"
"SWAP","christ","0"
"SWAP","distribute","5"
"SWAP","nicholas","1"
"SWAP","realized","2"
"SWAP","penetration","3"
"SWAP","reasonable","7"
"SWAP","fundraising","2"
"SWAP","penalties","0"
"SWAP","oscar","1"
"SWAP","donna","1"
"SWAP","identification","9"
"SWAP","mattress","1"
"SWAP","property","0"
"SWAP","drums","1"
"SWAP","spain","0"
"SWAP","syndicate","6"
"SWAP","valium","3"
"SWAP","subsection","4"
"SWAP","inside","2"
"SWAP","trade","0"
"SWAP","wonder","0"
"SWAP","generally","0"
"SWAP","devon","0"
"SWAP","advances","2"
"SWAP","capitol","1"
"SWAP","forecasts","4"
"SWAP","romania","1"
"SWAP","effective","6"
"SWAP","commented","2"
"SWAP","translator","1"
"SWAP","includes","1"
"SWAP","eleven","1"
"SWAP","nodes","0"
"SWAP","poster","0"
"SWAP","folders","3"
"SWAP","digit","0"
"SWAP","accepted","3"
"SWAP","releases","1"
"SWAP","arctic","2"
"SWAP","painting","1"
"SWAP","handbags","4"
"SWAP","permitted","3"
"SWAP","migration","1"
"SWAP","fantasy","3"
"SWAP","verbal","0"
"SWAP","played","0"
"SWAP","implementing","4"
"SWAP","existing","1"
"SWAP","cuisine","3"
"SWAP","gazette","8"
"SWAP","class","0"
"SWAP","albany","1"
"SWAP","estonia","1"
"SWAP","partly","0"
"SWAP","cutting","1"
"SWAP","amazon","1"
"SWAP","butter","0"
"SWAP","persons","2"
"SWAP","charm","0"
"SWAP","glory","1"
"SWAP","ranger","0"
"SWAP","truly","1"
"SWAP","authors","0"
"SWAP","representation","2"
"SWAP","coding","0"
"SWAP","hayes","0"
"SWAP","catherine","3"
"SWAP","drill","3"
"SWAP","fails","0"
"SWAP","scores","0"
"SWAP","profit","1"
"SWAP","pokemon","1"
"SWAP","terrain","4"
"SWAP","strips","0"
"SWAP","yahoo","3"
"SWAP","density","1"
"SWAP","particularly","5"
"SWAP","depend","0"
"SWAP","allow","0"
"SWAP","saturday","1"
"SWAP","investors","1"
"SWAP","deputy","0"
"SWAP","figured","0"
"SWAP","annotation","1"
"SWAP","florist","9"
"SWAP","impact","2"
"SWAP","hampshire","7"
"SWAP","where","0"
"SWAP","those","0"
"SWAP","ideal","0"
"SWAP","nutrition","3"
"SWAP","donations","2"
"SWAP","laden","0"
"SWAP","sigma","0"
"SWAP","member","1"
"SWAP","lectures","1"
"SWAP","independently","0"
"SWAP","symphony","2"
"SWAP","gorgeous","3"
"SWAP","problem","3"
"SWAP","secretary","3"
"SWAP","calculator","2"
"SWAP","scout","0"
"SWAP","unknown","1"
"SWAP","football","1"
"SWAP","athletics","1"
"SWAP","ultram","0"
"SWAP","butler","1"
"SWAP","areas","0"
"SWAP","smilies","2"
"SWAP","stamps","0"
"SWAP","requiring","4"
"SWAP","boundaries","4"
"SWAP","creations","0"
"SWAP","occasional","3"
"SWAP","enhanced","1"
"SWAP","hardwood","2"
"SWAP","loved","0"
"SWAP","minor","0"
"SWAP","swing","0"
"SWAP","accepting","1"
"SWAP","implement","1"
"SWAP","crack","0"
"SWAP","enlarge","1"
"SWAP","michel","2"
"SWAP","animated","2"
"SWAP","headset","0"
"SWAP","golden","0"
"SWAP","heated","0"
"SWAP","british","0"
"SWAP","preferences","0"
"SWAP","lopez","0"
"SWAP","calculation","3"
"SWAP","consult","2"
"SWAP","fixtures","0"
"SWAP","keeping","1"
"SWAP","within","2"
"SWAP","theory","1"
"SWAP","discovery","7"
"SWAP","relay","0"
"SWAP","proteins","0"
"SWAP","billing","8"
"SWAP","pharmacology","2"
"SWAP","practices","2"
"SWAP","researchers","1"
"SWAP","trace","0"
"SWAP","continuing","4"
"SWAP","blend","0"
"SWAP","option","0"
"SWAP","aaron","3"
"SWAP","providers","0"
"SWAP","across","0"
"SWAP","princeton","1"
"SWAP","temporarily","4"
"SWAP","indicate","2"
"SWAP","competition","5"
"SWAP","leaving","1"
"SWAP","strongly","0"
"SWAP","counting","7"
"SWAP","intensive","0"
"SWAP","investment","2"
"SWAP","ceramic","2"
"SWAP","worst","0"
"SWAP","vienna","3"
"SWAP","gentleman","3"
"SWAP","advertiser","2"
"SWAP","notify","7"
"SWAP","twist","0"
"SWAP","visual","0"
"SWAP","crossing","4"
"SWAP","vegetation","3"
"SWAP","ballet","2"
"SWAP","saint","1"
"SWAP","flexibility","14"
"SWAP","result","0"
"SWAP","constraints","0"
"SWAP","certification","7"
"SWAP","replace","0"
"SWAP","captain","1"
"SWAP","examples","2"
"SWAP","societies","3"
"SWAP","trading","2"
"SWAP","monetary","1"
"SWAP","selected","0"
"SWAP","evidence","2"
"SWAP","professor","2"
"SWAP","software","2"
"SWAP","ratios","0"
"SWAP","start","0"
"SWAP","olympus","4"
"SWAP","invitation","4"
"SWAP","relax","0"
"SWAP","magnitude","1"
"SWAP","financial","3"
"SWAP","conservation","3"
"SWAP","correction","7"
"SWAP","friendship","9"
"SWAP","putting","1"
"SWAP","weblogs","1"
"SWAP","opportunity","4"
"SWAP","stays","0"
"SWAP","anderson","4"
"SWAP","messenger","4"
"SWAP","investing","4"
"SWAP","second","7"
"SWAP","reflection","1"
"SWAP","roses","0"
"SWAP","dropped","1"
"SWAP","brief","0"
"SWAP","previous","1"
"SWAP","geometry","6"
"SWAP","submission","5"
"SWAP","trailers","1"
"SWAP","hopkins","1"
"SWAP","converted","0"
"SWAP","aspects","1"
"SWAP","rabbit","4"
"SWAP","wicked","0"
"SWAP","disaster","4"
"SWAP","davidson","1"
"SWAP","vibrators","4"
"SWAP","favor","3"
"SWAP","syntax","4"
"SWAP","sunset","1"
"SWAP","nurses","0"
"SWAP","publisher","1"
"SWAP","arrivals","1"
"SWAP","apparel","2"
"SWAP","unlock","0"
"SWAP","blood","0"
"SWAP","electric","2"
"SWAP","permanent","1"
"SWAP","relationship","3"
"SWAP","mathematical","2"
"SWAP","agency","6"
"SWAP","references","3"
"SWAP","rochester","1"
"SWAP","suggest","0"
"SWAP","wiley","0"
"SWAP","disease","1"
"SWAP","proceeding","3"
"SWAP","shaft","0"
"SWAP","subject","0"
"SWAP","johnson","1"
"SWAP","available","15"
"SWAP","location","5"
"SWAP","server","0"
"SWAP","rentals","3"
"SWAP","surprise","2"
"SWAP","garlic","0"
"SWAP","trials","0"
"SWAP","collective","0"
"SWAP","flowers","1"
"SWAP","protocol","1"
"SWAP","showtimes","2"
"SWAP","arguments","3"
"SWAP","frank","0"
"SWAP","elimination","2"
"SWAP","christians","2"
"SWAP","chinese","3"
"SWAP","programs","4"
"SWAP","columns","4"
"SWAP","least","0"
"SWAP","marco","0"
"SWAP","press","1"
"SWAP","transexual","6"
"SWAP","mention","1"
"SWAP","dating","3"
"SWAP","incurred","4"
"SWAP","musicians","4"
"SWAP","pasta","0"
"SWAP","certificate","4"
"SWAP","ceiling","5"
"SWAP","pipeline","1"
"SWAP","legends","0"
"SWAP","beautifully","3"
"SWAP","conventions","1"
"SWAP","contributing","4"
"SWAP","stars","0"
"SWAP","chief","0"
"SWAP","pharmacies","7"
"SWAP","average","2"
"SWAP","sexuality","9"
"SWAP","biggest","3"
"SWAP","spaces","0"
"SWAP","packing","1"
"SWAP","architectural","3"
"SWAP","pursuit","2"
"SWAP","curves","0"
"SWAP","comparing","3"
"SWAP","coverage","1"
"SWAP","carpet","0"
"SWAP","copper","0"
"SWAP","conspiracy","2"
"SWAP","disks","2"
"SWAP","texas","0"
"SWAP","positioning","3"
"SWAP","banned","0"
"SWAP","concord","3"
"SWAP","segment","0"
"SWAP","distributed","0"
"SWAP","accessible","17"
"SWAP","pittsburgh","7"
"SWAP","picked","0"
"SWAP","fight","0"
"SWAP","excluding","5"
"SWAP","destroy","4"
"SWAP","illustrations","5"
"SWAP","determine","2"
"SWAP","licensing","1"
"SWAP","cleaning","3"
"SWAP","eight","1"
"SWAP","recommended","2"
"SWAP","characteristics","11"
"SWAP","downloaded","1"
"SWAP","share","0"
"SWAP","patients","2"
"SWAP","friendly","0"
"SWAP","ireland","0"
"SWAP","jeremy","6"
"SWAP","decent","0"
"SWAP","manor","0"
"SWAP","louisville","4"
"SWAP","contrast","0"
"SWAP","bacon","0"
"SWAP","briefs","2"
"SWAP","haiti","0"
"SWAP","intelligence","4"
"SWAP","moderator","5"
"SWAP","present","3"
"SWAP","wallet","0"
"SWAP","flags","2"
"SWAP","startup","1"
"SWAP","summary","6"
"SWAP","gratuit","2"
"SWAP","highest","0"
"SWAP","conversations","6"
"SWAP","reproduce","3"
"SWAP","displays","0"
"SWAP","installation","4"
"SWAP","corpus","0"
"SWAP","occupational","2"
"SWAP","binary","1"
"SWAP","starting","0"
"SWAP","forum","0"
"SWAP","rwanda","0"
"SWAP","walnut","4"
"SWAP","fitting","1"
"SWAP","lover","0"
"SWAP","approved","1"
"SWAP","wellington","18"
"SWAP","colin","0"
"SWAP","changes","1"
"SWAP","reseller","2"
"SWAP","seller","1"
"SWAP","midnight","1"
"SWAP","achieve","8"
"SWAP","expression","1"
"SWAP","choose","4"
"SWAP","updates","0"
"SWAP","breakfast","3"
"SWAP","phrases","0"
"SWAP","auctions","0"
"SWAP","convergence","2"
"SWAP","skilled","0"
"SWAP","explanation","1"
"SWAP","cathedral","1"
"SWAP","watson","0"
"SWAP","orgasm","0"
"SWAP","fleet","1"
"SWAP","reduce","1"
"SWAP","commissioners","4"
"SWAP","acrylic","1"
"SWAP","witnesses","2"
"SWAP","spectacular","12"
"SWAP","fired","0"
"SWAP","identified","1"
"SWAP","recorder","0"
"SWAP","plate","0"
"SWAP","routes","0"
"SWAP","sleep","2"
"SWAP","slides","0"
"SWAP","metres","0"
"SWAP","sapphire","1"
"SWAP","collaboration","6"
"SWAP","turning","0"
"SWAP","trademark","1"
"SWAP","involving","5"
"SWAP","madrid","1"
"SWAP","panama","7"
"SWAP","generation","4"
"SWAP","gentle","0"
"SWAP","details","0"
"SWAP","readily","1"
"SWAP","holds","0"
"SWAP","photographic","0"
"SWAP","emotional","10"
"SWAP","gibson","2"
"SWAP","explorer","2"
"SWAP","checkout","4"
"SWAP","loves","0"
"SWAP","jelsoft","1"
"SWAP","council","1"
"SWAP","shuttle","6"
"SWAP","believe","0"
"SWAP","sound","0"
"SWAP","tiles","0"
"SWAP","witch","0"
"SWAP","already","3"
"SWAP","masturbation","2"
"SWAP","judicial","4"
"SWAP","fellow","5"
"SWAP","absorption","0"
"SWAP","generating","1"
"SWAP","investigation","4"
"SWAP","passed","0"
"SWAP","minister","2"
"SWAP","anywhere","1"
"SWAP","greene","0"
"SWAP","violation","1"
"SWAP","wales","0"
"SWAP","logging","1"
"SWAP","dedicated","2"
"SWAP","infants","3"
"SWAP","qualify","3"
"SWAP","culture","2"
"SWAP","tomatoes","1"
"SWAP","curriculum","5"
"SWAP","alfred","1"
"SWAP","rally","0"
"SWAP","postings","1"
"SWAP","allan","0"
"SWAP","construction","3"
"SWAP","specifically","2"
"SWAP","florists","1"
"SWAP","cloud","0"
"SWAP","succeed","1"
"SWAP","newcastle","5"
"SWAP","fisheries","3"
"SWAP","recipient","1"
"SWAP","marks","0"
"SWAP","recruitment","2"
"SWAP","precise","1"
"SWAP","revealed","1"
"SWAP","sandra","1"
"SWAP","designated","2"
"SWAP","standings","2"
"SWAP","collar","0"
"SWAP","lately","0"
"SWAP","structured","3"
"SWAP","sellers","0"
"SWAP","characteristic","6"
"SWAP","electoral","2"
"SWAP","stream","0"
"SWAP","unusual","1"
"SWAP","packets","0"
"SWAP","strong","0"
"SWAP","appropriations","7"
"SWAP","vietnamese","2"
"SWAP","qualification","10"
"SWAP","disable","1"
"SWAP","queen","1"
"SWAP","always","1"
"SWAP","cheat","0"
"SWAP","depends","1"
"SWAP","parental","3"
"SWAP","presents","0"
"SWAP","excuse","1"
"SWAP","subjects","1"
"SWAP","psychological","9"
"SWAP","steps","0"
"SWAP","garbage","0"
"SWAP","apply","0"
"SWAP","block","0"
"SWAP","informal","2"
"SWAP","execution","1"
"SWAP","species","0"
"SWAP","badge","0"
"SWAP","receiving","4"
"SWAP","targets","1"
"SWAP","reward","0"
"SWAP","sitting","0"
"SWAP","porno","0"
"SWAP","italia","1"
"SWAP","shock","0"
"SWAP","wagner","2"
"SWAP","heating","0"
"SWAP","concerning","3"
"SWAP","physicians","3"
"SWAP","alphabetical","5"
"SWAP","taiwan","6"
"SWAP","engineer","3"
"SWAP","enquiries","2"
"SWAP","alleged","4"
"SWAP","prints","0"
"SWAP","honda","2"
"SWAP","departmental","1"
"SWAP","caused","0"
"SWAP","constantly","0"
"SWAP","bristol","3"
"SWAP","refer","0"
"SWAP","cheats","0"
"SWAP","viewers","3"
"SWAP","illinois","2"
"SWAP","attribute","9"
"SWAP","awareness","26"
"SWAP","wright","0"
"SWAP","darkness","1"
"SWAP","genome","0"
"SWAP","encourages","3"
"SWAP","clothes","0"
"SWAP","verde","0"
"SWAP","noble","0"
"SWAP","charitable","1"
"SWAP","alone","0"
"SWAP","writing","0"
"SWAP","sheet","0"
"SWAP","recently","1"
"SWAP","markets","0"
"SWAP","structure","5"
"SWAP","referral","1"
"SWAP","weekend","6"
"SWAP","faculty","1"
"SWAP","harper","0"
"SWAP","engineers","4"
"SWAP","after","0"
"SWAP","promptly","0"
"SWAP","informative","4"
"SWAP","bracelets","1"
"SWAP","sociology","4"
"SWAP","rolling","2"
"SWAP","wrong","2"
"SWAP","payments","0"
"SWAP","today","0"
"SWAP","argentina","1"
"SWAP","specifics","2"
"SWAP","behavioral","2"
"SWAP","thinks","0"
"SWAP","hudson","2"
"SWAP","fortune","3"
"SWAP","couple","1"
"SWAP","talented","2"
"SWAP","weights","3"
"SWAP","persistent","3"
"SWAP","equilibrium","27"
"SWAP","stability","0"
"SWAP","constitutional","15"
"SWAP","monsters","0"
"SWAP","applies","0"
"SWAP","milan","0"
"SWAP","basis","1"
"SWAP","males","0"
"SWAP","commands","2"
"SWAP","nikon","1"
"SWAP","competent","2"
"SWAP","pages","0"
"SWAP","milfs","0"
"SWAP","bryant","1"
"SWAP","predicted","0"
"SWAP","toilet","0"
"SWAP","leader","0"
"SWAP","participating","8"
"SWAP","wordpress","2"
"SWAP","purchasing","7"
"SWAP","flame","0"
"SWAP","heights","1"
"SWAP","pollution","3"
"SWAP","retirement","2"
"SWAP","sports","0"
"SWAP","convention","3"
"SWAP","enhance","5"
"SWAP","pointer","2"
"SWAP","happening","3"
"SWAP","africa","1"
"SWAP","exclude","1"
"SWAP","article","2"
"SWAP","purple","0"
"SWAP","rainbow","1"
"SWAP","lesson","0"
"SWAP","villas","0"
"SWAP","recordings","3"
"SWAP","survivor","1"
"SWAP","hepatitis","1"
"SWAP","league","2"
"SWAP","arlington","3"
"SWAP","seventh","0"
"SWAP","wrist","0"
"SWAP","count","0"
"SWAP","foster","0"
"SWAP","ricky","2"
"SWAP","directions","2"
"SWAP","afghanistan","15"
"SWAP","relates","0"
"SWAP","aluminium","5"
"SWAP","mechanisms","0"
"SWAP","strengths","2"
"SWAP","turtle","2"
"SWAP","reservation","6"
"SWAP","parks","0"
"SWAP","contest","0"
"SWAP","thread","1"
"SWAP","memories","1"
"SWAP","awarded","3"
"SWAP","intended","0"
"SWAP","connectivity","12"
"SWAP","aluminum","4"
"SWAP","status","3"
"SWAP","accommodate","12"
"SWAP","reload","1"
"SWAP","mechanism","1"
"SWAP","suggestion","1"
"SWAP","match","0"
"SWAP","agricultural","4"
"SWAP","gourmet","2"
"SWAP","schemes","1"
"SWAP","towers","0"
"SWAP","charged","0"
"SWAP","breakdown","7"
"SWAP","elect","2"
"SWAP","craps","0"
"SWAP","manitoba","1"
"SWAP","stage","0"
"SWAP","origins","0"
"SWAP","position","4"
"SWAP","luther","5"
"SWAP","furthermore","3"
"SWAP","rough","0"
"SWAP","gained","0"
"SWAP","delays","0"
"SWAP","imagine","1"
"SWAP","counts","1"
"SWAP","mozilla","6"
"SWAP","medicaid","5"
"SWAP","threshold","1"
"SWAP","chart","0"
"SWAP","vehicles","2"
"SWAP","paragraph","9"
"SWAP","velocity","2"
"SWAP","aboriginal","7"
"SWAP","bringing","1"
"SWAP","ensures","1"
"SWAP","starts","0"
"SWAP","novelty","0"
"SWAP","incoming","0"
"SWAP","airport","1"
"SWAP","consequence","2"
"SWAP","relevant","0"
"SWAP","counsel","3"
"SWAP","download","1"
"SWAP","ranks","0"
"SWAP","assist","2"
"SWAP","programmer","3"
"SWAP","seattle","6"
"SWAP","assign","0"
"SWAP","cycles","4"
"SWAP","official","2"
"SWAP","vector","1"
"SWAP","namely","0"
"SWAP","managing","5"
"SWAP","winter","0"
"SWAP","tulsa","1"
"SWAP","temple","2"
"SWAP","contributed","2"
"SWAP","raises","0"
"SWAP","females","6"
"SWAP","characterized","3"
"SWAP","outdoors","2"
"SWAP","hearing","1"
"SWAP","abandoned","9"
"SWAP","irish","3"
"SWAP","heading","0"
"SWAP","claim","0"
"SWAP","syria","0"
"SWAP","maximum","5"
"SWAP","districts","1"
"SWAP","survivors","1"
"SWAP","eddie","0"
"SWAP","worthy","4"
"SWAP","supplied","1"
"SWAP","reproduced","1"
"SWAP","cartridge","1"
"SWAP","fares","0"
"SWAP","handled","3"
"SWAP","document","6"
"SWAP","forms","0"
"SWAP","garmin","0"
"SWAP","healing","0"
"SWAP","optical","0"
"SWAP","servers","0"
"SWAP","ebony","0"
"SWAP","geological","6"
"SWAP","frequencies","4"
"SWAP","auction","0"
"SWAP","respond","1"
"SWAP","visit","0"
"SWAP","visitors","2"
"SWAP","fathers","0"
"SWAP","maryland","1"
"SWAP","arise","0"
"SWAP","commonly","11"
"SWAP","bread","0"
"SWAP","minnesota","4"
"SWAP","jenny","3"
"SWAP","surgeon","0"
"SWAP","antiques","0"
"SWAP","enable","2"
"SWAP","impressed","1"
"SWAP","reduces","1"
"SWAP","clicks","0"
"SWAP","voyuer","0"
"SWAP","replaced","0"
"SWAP","excess","2"
"SWAP","steven","0"
"SWAP","lexmark","3"
"SWAP","bless","0"
"SWAP","integrity","3"
"SWAP","birthday","2"
"SWAP","successful","21"
"SWAP","through","0"
"SWAP","actions","3"
"SWAP","internationally","0"
"SWAP","portland","0"
"SWAP","equity","1"
"SWAP","wellness","2"
"SWAP","solar","0"
"SWAP","outlook","3"
"SWAP","providence","1"
"SWAP","worcester","1"
"SWAP","statewide","4"
"SWAP","significant","2"
"SWAP","oklahoma","16"
"SWAP","meaning","5"
"SWAP","cycle","11"
"SWAP","glucose","3"
"SWAP","kenya","1"
"SWAP","talks","0"
"SWAP","expenditure","5"
"SWAP","resulted","0"
"SWAP","record","0"
"SWAP","prepaid","3"
"SWAP","extraction","2"
"SWAP","necessity","5"
"SWAP","impressive","2"
"SWAP","matthew","1"
"SWAP","married","0"
"SWAP","frontier","1"
"SWAP","destruction","3"
"SWAP","treatments","0"
"SWAP","executed","0"
"SWAP","robust","1"
"SWAP","prayer","0"
"SWAP","dancing","0"
"SWAP","harrison","1"
"SWAP","breasts","0"
"SWAP","cartoon","1"
"SWAP","court","4"
"SWAP","uganda","3"
"SWAP","controlling","4"
"SWAP","consultation","2"
"SWAP","involves","1"
"SWAP","pubmed","5"
"SWAP","sheriff","3"
"SWAP","outstanding","4"
"SWAP","business","6"
"SWAP","appreciation","4"
"SWAP","census","1"
"SWAP","letters","2"
"SWAP","bailey","0"
"SWAP","honolulu","2"
"SWAP","elections","1"
"SWAP","contests","2"
"SWAP","voyeur","0"
"SWAP","agreements","4"
"SWAP","eagles","1"
"SWAP","historic","6"
"SWAP","logistics","2"
"SWAP","volvo","0"
"SWAP","indigenous","3"
"SWAP","maternity","2"
"SWAP","speeches","2"
"SWAP","experiment","11"
"SWAP","consoles","1"
"SWAP","token","0"
"SWAP","breathing","1"
"SWAP","papua","0"
"SWAP","thereof","1"
"SWAP","amount","0"
"SWAP","portions","3"
"SWAP","bundle","1"
"SWAP","stations","1"
"SWAP","steady","0"
"SWAP","estimation","1"
"SWAP","globe","0"
"SWAP","saves","0"
"SWAP","dramatically","12"
"SWAP","jokes","0"
"SWAP","ranked","0"
"SWAP","hungry","0"
"SWAP","devil","0"
"SWAP","fabulous","7"
"SWAP","quote","0"
"SWAP","games","2"
"SWAP","networking","4"
"SWAP","continuity","2"
"SWAP","registration","5"
"SWAP","relationships","5"
"SWAP","which","1"
"SWAP","motor","0"
"SWAP","noise","0"
"SWAP","variations","1"
"SWAP","however","5"
"SWAP","resistance","2"
"SWAP","determining","2"
"SWAP","beginning","9"
"SWAP","million","4"
"SWAP","image","4"
"SWAP","under","0"
"SWAP","occur","1"
"SWAP","obtained","0"
"SWAP","without","3"
"SWAP","valued","0"
"SWAP","calculations","6"
"SWAP","conscious","1"
"SWAP","hunting","1"
"SWAP","courses","0"
"SWAP","appearance","12"
"SWAP","residence","2"
"SWAP","confused","1"
"SWAP","ending","0"
"SWAP","knowing","0"
"SWAP","detail","0"
"SWAP","layout","1"
"SWAP","withdrawal","5"
"SWAP","downloads","6"
"SWAP","exposure","1"
"SWAP","reproduction","4"
"SWAP","custom","1"
"SWAP","particular","7"
"SWAP","theology","3"
"SWAP","decision","7"
"SWAP","advanced","1"
"SWAP","scratch","0"
"SWAP","communist","1"
"SWAP","beginner","3"
"SWAP","furnished","2"
"SWAP","republican","0"
"SWAP","chances","1"
"SWAP","watching","0"
"SWAP","pattern","1"
"SWAP","orange","2"
"SWAP","nationally","1"
"SWAP","charger","0"
"SWAP","arrow","0"
"SWAP","beverages","1"
"SWAP","distributors","5"
"SWAP","state","0"
"SWAP","unsubscribe","2"
"SWAP","spiritual","3"
"SWAP","royalty","2"
"SWAP","established","4"
"SWAP","boulevard","1"
"SWAP","listprice","2"
"SWAP","projects","4"
"SWAP","stevens","0"
"SWAP","civil","2"
"SWAP","declare","0"
"SWAP","initiative","9"
"SWAP","history","1"
"SWAP","confidence","10"
"SWAP","therapeutic","2"
"SWAP","pocket","1"
"SWAP","promotion","6"
"SWAP","standard","7"
"SWAP","stones","0"
"SWAP","polymer","1"
"SWAP","treating","1"
"SWAP","coating","2"
"SWAP","cardiff","1"
"SWAP","reactions","0"
"SWAP","sublime","3"
"SWAP","tunes","0"
"SWAP","mercedes","2"
"SWAP","edition","1"
"SWAP","transaction","1"
"SWAP","donated","2"
"SWAP","folding","0"
"SWAP","freight","0"
"SWAP","reduced","3"
"SWAP","doing","0"
"SWAP","impossible","2"
"SWAP","taste","0"
"SWAP","consumer","4"
"SWAP","analysis","1"
"SWAP","someone","4"
"SWAP","periodically","6"
"SWAP","accept","0"
"SWAP","rendered","1"
"SWAP","unfortunately","16"
"SWAP","kazakhstan","4"
"SWAP","enabling","3"
"SWAP","volunteers","1"
"SWAP","scientific","2"
"SWAP","elevation","8"
"SWAP","indian","2"
"SWAP","gangbang","3"
"SWAP","internship","6"
"SWAP","retained","1"
